Case_Main_Type,Secondary_Type,Case_sub_type,Location,person_ID,Lawyer_ID,Judge_ID,Case_ID
הרחקה מישראל,ערר נגד צו הרחקה כאשר העורר מצוי במשמורת,flight this week,Tel Aviv,1,2,,
איחוד משפחות,בקשה לשדרוג מעמד,got from jerusalem orer not live in jerusalem,Jerusalem,2,3,,
איחוד משפחות,מעמד לקטין נלווה להליך מדורג,got from jerusalem orer not live in jerusalem,Jerusalem,3,3,,
עבודה )לרבות ענף הסיעוד( ולימודים,מתן והארכת רישיון שהייה מסוג א/2 לתלמידים ולסטודנטים זרים,,Beer Sheva,4,4,,
התאזרחות,אי מתן מענה,,Haifa,5,1,,
זיקה לחוק השבות,פלשמורה,,Haifa,6,2,,
הומניטרי,מעמד ילדי זרים,got Jerusalem,Jerusalem,7,1,,
מקלט,דחיית בקשת מקלט לפי סעיף 1 לנוהל הטיפול במבקשי מקלט מס' 0012.2.5,,Tel Aviv,8,5,,
הרחקה מישראל,ערר נגד צו הרחקה כאשר העורר מצוי במשמורת,flight 24hrs,Tel Aviv,9,12,,
עבודה )לרבות ענף הסיעוד( ולימודים,סיעוד הארכת אשרת ב/1 סיעודי,,Beer Sheva,10,44,,
אשרת תייר,סירוב מתן אשרת תייר )כאשר העורר מצוי בארצו(,,Beer Sheva,11,45,,
הרחקה מישראל,אי מתן מענה,,Haifa,12,4,,
אשרת תייר,סירוב הארכת אשרה או רישיון ביקור מסוג ב2( אשרת תייר(,,Tel Aviv,13,53,,
איחוד משפחות,הסדרת מעמד לבן זוג זר הנשוי לאזרח ישראלי לפי נוהל מס' 0008.2.5,got from jerusalem orer not live in jerusalem,Jerusalem,14,4,,
רישום ילדים,רישום ומתן מעמד לקטין שנולד מחוץ לישראל שרק אחד מהוריו רשום כתושב קבע נוהל 5.2.0030 'מס,,Jerusalem,15,3,,
מקלט,דחיית בקשת מקלט לפי סעיף 7 לנוהל הטיפול במבקשי מקלט מס' 0012.2.5,,Jerusalem,16,54,,
עבודה )לרבות ענף הסיעוד( ולימודים,בקשת עובד זר לעבור בין ענפים,,Jerusalem,17,86,,
זיקה לחוק השבות,מעמד לנין של יהודי לפי נוהל מס' 0027.2.5,,Jerusalem,18,76,,
התאזרחות,בקשה להשלמת הליך התאזרחות מכוח סעיף 7 לחוק האזרחות,,Jerusalem,19,34,,
תושבות,נוהל פקיעת רישיון לישיבת קבע מס' 0018.2.5,,Tel Aviv,20,56,,
מחוסרי אזרחות / העדר מסמכי נסיעה,העדר מסמכי נסיעה,,Tel Aviv,21,1,,
הומניטרי,מעמד לנפגעי עבדות /סחר לעבודות כפייה/ סחר בנשים לפי נוהל מס' 0008.3.6,not got Jerusalem,Jerusalem,22,3,,
כניסה לישראל,"סירוב כניסה לישראל כאשר העורר שוהה בנתב""ג או במעבר גבול אחר",,Tel Aviv,23,24,,
הרחקה מישראל,אי מתן מענה,,Tel Aviv,24,32,,
אשרת תייר,סירוב הארכת אשרה או רישיון ביקור מסוג ב2( אשרת תייר(,,Beer Sheva,25,57,,
איחוד משפחות,מעמד לקטין נלווה להליך מדורג,got from jerusalem orer live in jerusalem,Jerusalem,26,7,,
רישום ילדים,רישום ומתן מעמד לקטין שנולד בישראל שרק אחד מהוריו תושב קבע לפי תקנה 12 לתקנות הכניסה לישראל נוהל מס' 0029.2.5,,Jerusalem,27,6,,
מקלט,דחיית בקשת מקלט לפי סעיף 4 לנוהל הטיפול במבקשי מקלט מס' 0012.2.5,,Jerusalem,28,7,,
עבודה )לרבות ענף הסיעוד( ולימודים,בקשת עובד זר לעבור בין ענפים,,Haifa,29,8,,
זיקה לחוק השבות,פלשמורה,,Haifa,30,40,,
כניסה לישראל,"סירוב כניסה לישראל כאשר העורר שוהה בנתב""ג או במעבר גבול אחר",,Tel Aviv,31,,,
כניסה לישראל,אי מתן מענה,,Tel Aviv,32,,,
הרחקה מישראל,ערר נגד צו הרחקה כאשר העורר מצוי במשמורת,flight this week,Tel Aviv,33,,,
הרחקה מישראל,ערר נגד צו הרחקה כאשר העורר מצוי במשמורת,flight 24hrs,Tel Aviv,34,,,
הרחקה מישראל,ערר נגד צו הרחקה כאשר העורר מצוי במשמורת,flight this week,Tel Aviv,35,2,,
איחוד משפחות,בקשה לשדרוג מעמד,got from jerusalem orer not live in jerusalem,Jerusalem,36,3,,
איחוד משפחות,מעמד לקטין נלווה להליך מדורג,got from jerusalem orer not live in jerusalem,Jerusalem,37,3,,
עבודה )לרבות ענף הסיעוד( ולימודים,מתן והארכת רישיון שהייה מסוג א/2 לתלמידים ולסטודנטים זרים,,Beer Sheva,38,4,,
התאזרחות,אי מתן מענה,,Haifa,39,1,,
זיקה לחוק השבות,פלשמורה,,Haifa,40,2,,
הומניטרי,מעמד ילדי זרים,got Jerusalem,Jerusalem,41,1,,
מקלט,דחיית בקשת מקלט לפי סעיף 1 לנוהל הטיפול במבקשי מקלט מס' 0012.2.5,,Tel Aviv,42,5,,
הרחקה מישראל,ערר נגד צו הרחקה כאשר העורר מצוי במשמורת,flight 24hrs,Tel Aviv,43,12,,
עבודה )לרבות ענף הסיעוד( ולימודים,סיעוד הארכת אשרת ב/1 סיעודי,,Beer Sheva,44,44,,
אשרת תייר,סירוב מתן אשרת תייר )כאשר העורר מצוי בארצו(,,Beer Sheva,45,45,,
הרחקה מישראל,אי מתן מענה,,Haifa,46,4,,
אשרת תייר,סירוב הארכת אשרה או רישיון ביקור מסוג ב2( אשרת תייר(,,Tel Aviv,47,53,,
איחוד משפחות,הסדרת מעמד לבן זוג זר הנשוי לאזרח ישראלי לפי נוהל מס' 0008.2.5,got from jerusalem orer not live in jerusalem,Jerusalem,48,4,,
רישום ילדים,רישום ומתן מעמד לקטין שנולד מחוץ לישראל שרק אחד מהוריו רשום כתושב קבע נוהל 5.2.0030 'מס,,Jerusalem,49,3,,
מקלט,דחיית בקשת מקלט לפי סעיף 7 לנוהל הטיפול במבקשי מקלט מס' 0012.2.5,,Jerusalem,50,54,,
עבודה )לרבות ענף הסיעוד( ולימודים,בקשת עובד זר לעבור בין ענפים,,Jerusalem,51,86,,
זיקה לחוק השבות,מעמד לנין של יהודי לפי נוהל מס' 0027.2.5,,Jerusalem,52,76,,
התאזרחות,בקשה להשלמת הליך התאזרחות מכוח סעיף 7 לחוק האזרחות,,Jerusalem,53,34,,
תושבות,נוהל פקיעת רישיון לישיבת קבע מס' 0018.2.5,,Tel Aviv,54,56,,
מחוסרי אזרחות / העדר מסמכי נסיעה,העדר מסמכי נסיעה,,Tel Aviv,55,1,,
הומניטרי,מעמד לנפגעי עבדות /סחר לעבודות כפייה/ סחר בנשים לפי נוהל מס' 0008.3.6,not got Jerusalem,Jerusalem,56,3,,
כניסה לישראל,"סירוב כניסה לישראל כאשר העורר שוהה בנתב""ג או במעבר גבול אחר",,Tel Aviv,57,24,,
הרחקה מישראל,אי מתן מענה,,Tel Aviv,58,32,,
אשרת תייר,סירוב הארכת אשרה או רישיון ביקור מסוג ב2( אשרת תייר(,,Beer Sheva,59,57,,
איחוד משפחות,מעמד לקטין נלווה להליך מדורג,got from jerusalem orer live in jerusalem,Jerusalem,60,7,,
רישום ילדים,רישום ומתן מעמד לקטין שנולד בישראל שרק אחד מהוריו תושב קבע לפי תקנה 12 לתקנות הכניסה לישראל נוהל מס' 0029.2.5,,Jerusalem,61,6,,
מקלט,דחיית בקשת מקלט לפי סעיף 4 לנוהל הטיפול במבקשי מקלט מס' 0012.2.5,,Jerusalem,62,7,,
עבודה )לרבות ענף הסיעוד( ולימודים,בקשת עובד זר לעבור בין ענפים,,Haifa,63,8,,
זיקה לחוק השבות,פלשמורה,,Haifa,64,40,,
כניסה לישראל,"סירוב כניסה לישראל כאשר העורר שוהה בנתב""ג או במעבר גבול אחר",,Tel Aviv,65,,,
כניסה לישראל,אי מתן מענה,,Tel Aviv,66,,,
הרחקה מישראל,ערר נגד צו הרחקה כאשר העורר מצוי במשמורת,flight this week,Tel Aviv,67,,,
הרחקה מישראל,ערר נגד צו הרחקה כאשר העורר מצוי במשמורת,flight 24hrs,Tel Aviv,68,,,
הרחקה מישראל,ערר נגד צו הרחקה כאשר העורר מצוי במשמורת,flight this week,Tel Aviv,69,2,,
איחוד משפחות,בקשה לשדרוג מעמד,got from jerusalem orer not live in jerusalem,Jerusalem,70,3,,
איחוד משפחות,מעמד לקטין נלווה להליך מדורג,got from jerusalem orer not live in jerusalem,Jerusalem,71,3,,
עבודה )לרבות ענף הסיעוד( ולימודים,מתן והארכת רישיון שהייה מסוג א/2 לתלמידים ולסטודנטים זרים,,Beer Sheva,72,4,,
התאזרחות,אי מתן מענה,,Haifa,73,1,,
זיקה לחוק השבות,פלשמורה,,Haifa,74,2,,
הומניטרי,מעמד ילדי זרים,got Jerusalem,Jerusalem,75,1,,
מקלט,דחיית בקשת מקלט לפי סעיף 1 לנוהל הטיפול במבקשי מקלט מס' 0012.2.5,,Tel Aviv,76,5,,
הרחקה מישראל,ערר נגד צו הרחקה כאשר העורר מצוי במשמורת,flight 24hrs,Tel Aviv,77,12,,
עבודה )לרבות ענף הסיעוד( ולימודים,סיעוד הארכת אשרת ב/1 סיעודי,,Beer Sheva,78,44,,
אשרת תייר,סירוב מתן אשרת תייר )כאשר העורר מצוי בארצו(,,Beer Sheva,79,45,,
הרחקה מישראל,אי מתן מענה,,Haifa,80,4,,
אשרת תייר,סירוב הארכת אשרה או רישיון ביקור מסוג ב2( אשרת תייר(,,Tel Aviv,81,53,,
איחוד משפחות,הסדרת מעמד לבן זוג זר הנשוי לאזרח ישראלי לפי נוהל מס' 0008.2.5,got from jerusalem orer not live in jerusalem,Jerusalem,82,4,,
רישום ילדים,רישום ומתן מעמד לקטין שנולד מחוץ לישראל שרק אחד מהוריו רשום כתושב קבע נוהל 5.2.0030 'מס,,Jerusalem,83,3,,
מקלט,דחיית בקשת מקלט לפי סעיף 7 לנוהל הטיפול במבקשי מקלט מס' 0012.2.5,,Jerusalem,84,54,,
עבודה )לרבות ענף הסיעוד( ולימודים,בקשת עובד זר לעבור בין ענפים,,Jerusalem,85,86,,
זיקה לחוק השבות,מעמד לנין של יהודי לפי נוהל מס' 0027.2.5,,Jerusalem,86,76,,
התאזרחות,בקשה להשלמת הליך התאזרחות מכוח סעיף 7 לחוק האזרחות,,Jerusalem,87,34,,
תושבות,נוהל פקיעת רישיון לישיבת קבע מס' 0018.2.5,,Tel Aviv,88,56,,
מחוסרי אזרחות / העדר מסמכי נסיעה,העדר מסמכי נסיעה,,Tel Aviv,89,1,,
הומניטרי,מעמד לנפגעי עבדות /סחר לעבודות כפייה/ סחר בנשים לפי נוהל מס' 0008.3.6,not got Jerusalem,Jerusalem,90,3,,
כניסה לישראל,"סירוב כניסה לישראל כאשר העורר שוהה בנתב""ג או במעבר גבול אחר",,Tel Aviv,91,24,,
הרחקה מישראל,אי מתן מענה,,Tel Aviv,92,32,,
אשרת תייר,סירוב הארכת אשרה או רישיון ביקור מסוג ב2( אשרת תייר(,,Beer Sheva,93,57,,
איחוד משפחות,מעמד לקטין נלווה להליך מדורג,got from jerusalem orer live in jerusalem,Jerusalem,94,7,,
רישום ילדים,רישום ומתן מעמד לקטין שנולד בישראל שרק אחד מהוריו תושב קבע לפי תקנה 12 לתקנות הכניסה לישראל נוהל מס' 0029.2.5,,Jerusalem,95,6,,
מקלט,דחיית בקשת מקלט לפי סעיף 4 לנוהל הטיפול במבקשי מקלט מס' 0012.2.5,,Jerusalem,96,7,,
עבודה )לרבות ענף הסיעוד( ולימודים,בקשת עובד זר לעבור בין ענפים,,Haifa,97,8,,
זיקה לחוק השבות,פלשמורה,,Haifa,98,40,,
כניסה לישראל,"סירוב כניסה לישראל כאשר העורר שוהה בנתב""ג או במעבר גבול אחר",,Tel Aviv,99,,,
כניסה לישראל,אי מתן מענה,,Tel Aviv,100,,,
הרחקה מישראל,ערר נגד צו הרחקה כאשר העורר מצוי במשמורת,flight this week,Tel Aviv,101,,,
הרחקה מישראל,ערר נגד צו הרחקה כאשר העורר מצוי במשמורת,flight 24hrs,Tel Aviv,102,,,
הרחקה מישראל,ערר נגד צו הרחקה כאשר העורר מצוי במשמורת,flight this week,Tel Aviv,103,2,,
איחוד משפחות,בקשה לשדרוג מעמד,got from jerusalem orer not live in jerusalem,Jerusalem,104,3,,
איחוד משפחות,מעמד לקטין נלווה להליך מדורג,got from jerusalem orer not live in jerusalem,Jerusalem,105,3,,
עבודה )לרבות ענף הסיעוד( ולימודים,מתן והארכת רישיון שהייה מסוג א/2 לתלמידים ולסטודנטים זרים,,Beer Sheva,106,4,,
התאזרחות,אי מתן מענה,,Haifa,107,1,,
זיקה לחוק השבות,פלשמורה,,Haifa,108,2,,
הומניטרי,מעמד ילדי זרים,got Jerusalem,Jerusalem,109,1,,
מקלט,דחיית בקשת מקלט לפי סעיף 1 לנוהל הטיפול במבקשי מקלט מס' 0012.2.5,,Tel Aviv,110,5,,
הרחקה מישראל,ערר נגד צו הרחקה כאשר העורר מצוי במשמורת,flight 24hrs,Tel Aviv,111,12,,
עבודה )לרבות ענף הסיעוד( ולימודים,סיעוד הארכת אשרת ב/1 סיעודי,,Beer Sheva,112,44,,
אשרת תייר,סירוב מתן אשרת תייר )כאשר העורר מצוי בארצו(,,Beer Sheva,113,45,,
הרחקה מישראל,אי מתן מענה,,Haifa,114,4,,
אשרת תייר,סירוב הארכת אשרה או רישיון ביקור מסוג ב2( אשרת תייר(,,Tel Aviv,115,53,,
איחוד משפחות,הסדרת מעמד לבן זוג זר הנשוי לאזרח ישראלי לפי נוהל מס' 0008.2.5,got from jerusalem orer not live in jerusalem,Jerusalem,116,4,,
רישום ילדים,רישום ומתן מעמד לקטין שנולד מחוץ לישראל שרק אחד מהוריו רשום כתושב קבע נוהל 5.2.0030 'מס,,Jerusalem,117,3,,
מקלט,דחיית בקשת מקלט לפי סעיף 7 לנוהל הטיפול במבקשי מקלט מס' 0012.2.5,,Jerusalem,118,54,,
עבודה )לרבות ענף הסיעוד( ולימודים,בקשת עובד זר לעבור בין ענפים,,Jerusalem,119,86,,
זיקה לחוק השבות,מעמד לנין של יהודי לפי נוהל מס' 0027.2.5,,Jerusalem,120,76,,
התאזרחות,בקשה להשלמת הליך התאזרחות מכוח סעיף 7 לחוק האזרחות,,Jerusalem,121,34,,
תושבות,נוהל פקיעת רישיון לישיבת קבע מס' 0018.2.5,,Tel Aviv,122,56,,
מחוסרי אזרחות / העדר מסמכי נסיעה,העדר מסמכי נסיעה,,Tel Aviv,123,1,,
הומניטרי,מעמד לנפגעי עבדות /סחר לעבודות כפייה/ סחר בנשים לפי נוהל מס' 0008.3.6,not got Jerusalem,Jerusalem,124,3,,
כניסה לישראל,"סירוב כניסה לישראל כאשר העורר שוהה בנתב""ג או במעבר גבול אחר",,Tel Aviv,125,24,,
הרחקה מישראל,אי מתן מענה,,Tel Aviv,126,32,,
אשרת תייר,סירוב הארכת אשרה או רישיון ביקור מסוג ב2( אשרת תייר(,,Beer Sheva,127,57,,
איחוד משפחות,מעמד לקטין נלווה להליך מדורג,got from jerusalem orer live in jerusalem,Jerusalem,128,7,,
רישום ילדים,רישום ומתן מעמד לקטין שנולד בישראל שרק אחד מהוריו תושב קבע לפי תקנה 12 לתקנות הכניסה לישראל נוהל מס' 0029.2.5,,Jerusalem,129,6,,
מקלט,דחיית בקשת מקלט לפי סעיף 4 לנוהל הטיפול במבקשי מקלט מס' 0012.2.5,,Jerusalem,130,7,,
עבודה )לרבות ענף הסיעוד( ולימודים,בקשת עובד זר לעבור בין ענפים,,Haifa,131,8,,
זיקה לחוק השבות,פלשמורה,,Haifa,132,40,,
כניסה לישראל,"סירוב כניסה לישראל כאשר העורר שוהה בנתב""ג או במעבר גבול אחר",,Tel Aviv,133,,,
כניסה לישראל,אי מתן מענה,,Tel Aviv,134,,,
הרחקה מישראל,ערר נגד צו הרחקה כאשר העורר מצוי במשמורת,flight this week,Tel Aviv,135,,,
הרחקה מישראל,ערר נגד צו הרחקה כאשר העורר מצוי במשמורת,flight 24hrs,Tel Aviv,136,,,
הרחקה מישראל,ערר נגד צו הרחקה כאשר העורר מצוי במשמורת,flight this week,Tel Aviv,137,2,,
איחוד משפחות,בקשה לשדרוג מעמד,got from jerusalem orer not live in jerusalem,Jerusalem,138,3,,
איחוד משפחות,מעמד לקטין נלווה להליך מדורג,got from jerusalem orer not live in jerusalem,Jerusalem,139,3,,
עבודה )לרבות ענף הסיעוד( ולימודים,מתן והארכת רישיון שהייה מסוג א/2 לתלמידים ולסטודנטים זרים,,Beer Sheva,140,4,,
התאזרחות,אי מתן מענה,,Haifa,141,1,,
זיקה לחוק השבות,פלשמורה,,Haifa,142,2,,
הומניטרי,מעמד ילדי זרים,got Jerusalem,Jerusalem,143,1,,
מקלט,דחיית בקשת מקלט לפי סעיף 1 לנוהל הטיפול במבקשי מקלט מס' 0012.2.5,,Tel Aviv,144,5,,
הרחקה מישראל,ערר נגד צו הרחקה כאשר העורר מצוי במשמורת,flight 24hrs,Tel Aviv,145,12,,
עבודה )לרבות ענף הסיעוד( ולימודים,סיעוד הארכת אשרת ב/1 סיעודי,,Beer Sheva,146,44,,
אשרת תייר,סירוב מתן אשרת תייר )כאשר העורר מצוי בארצו(,,Beer Sheva,147,45,,
הרחקה מישראל,אי מתן מענה,,Haifa,148,4,,
אשרת תייר,סירוב הארכת אשרה או רישיון ביקור מסוג ב2( אשרת תייר(,,Tel Aviv,149,53,,
איחוד משפחות,הסדרת מעמד לבן זוג זר הנשוי לאזרח ישראלי לפי נוהל מס' 0008.2.5,got from jerusalem orer not live in jerusalem,Jerusalem,150,4,,
רישום ילדים,רישום ומתן מעמד לקטין שנולד מחוץ לישראל שרק אחד מהוריו רשום כתושב קבע נוהל 5.2.0030 'מס,,Jerusalem,151,3,,
מקלט,דחיית בקשת מקלט לפי סעיף 7 לנוהל הטיפול במבקשי מקלט מס' 0012.2.5,,Jerusalem,152,54,,
עבודה )לרבות ענף הסיעוד( ולימודים,בקשת עובד זר לעבור בין ענפים,,Jerusalem,153,86,,
זיקה לחוק השבות,מעמד לנין של יהודי לפי נוהל מס' 0027.2.5,,Jerusalem,154,76,,
התאזרחות,בקשה להשלמת הליך התאזרחות מכוח סעיף 7 לחוק האזרחות,,Jerusalem,155,34,,
תושבות,נוהל פקיעת רישיון לישיבת קבע מס' 0018.2.5,,Tel Aviv,156,56,,
מחוסרי אזרחות / העדר מסמכי נסיעה,העדר מסמכי נסיעה,,Tel Aviv,157,1,,
הומניטרי,מעמד לנפגעי עבדות /סחר לעבודות כפייה/ סחר בנשים לפי נוהל מס' 0008.3.6,not got Jerusalem,Jerusalem,158,3,,
כניסה לישראל,"סירוב כניסה לישראל כאשר העורר שוהה בנתב""ג או במעבר גבול אחר",,Tel Aviv,159,24,,
הרחקה מישראל,אי מתן מענה,,Tel Aviv,160,32,,
אשרת תייר,סירוב הארכת אשרה או רישיון ביקור מסוג ב2( אשרת תייר(,,Beer Sheva,161,57,,
איחוד משפחות,מעמד לקטין נלווה להליך מדורג,got from jerusalem orer live in jerusalem,Jerusalem,162,7,,
רישום ילדים,רישום ומתן מעמד לקטין שנולד בישראל שרק אחד מהוריו תושב קבע לפי תקנה 12 לתקנות הכניסה לישראל נוהל מס' 0029.2.5,,Jerusalem,163,6,,
מקלט,דחיית בקשת מקלט לפי סעיף 4 לנוהל הטיפול במבקשי מקלט מס' 0012.2.5,,Jerusalem,164,7,,
עבודה )לרבות ענף הסיעוד( ולימודים,בקשת עובד זר לעבור בין ענפים,,Haifa,165,8,,
זיקה לחוק השבות,פלשמורה,,Haifa,166,40,,
כניסה לישראל,"סירוב כניסה לישראל כאשר העורר שוהה בנתב""ג או במעבר גבול אחר",,Tel Aviv,167,,,
כניסה לישראל,אי מתן מענה,,Tel Aviv,168,,,
הרחקה מישראל,ערר נגד צו הרחקה כאשר העורר מצוי במשמורת,flight this week,Tel Aviv,169,,,
הרחקה מישראל,ערר נגד צו הרחקה כאשר העורר מצוי במשמורת,flight 24hrs,Tel Aviv,170,,,
הרחקה מישראל,ערר נגד צו הרחקה כאשר העורר מצוי במשמורת,flight this week,Tel Aviv,171,2,,
איחוד משפחות,בקשה לשדרוג מעמד,got from jerusalem orer not live in jerusalem,Jerusalem,172,3,,
איחוד משפחות,מעמד לקטין נלווה להליך מדורג,got from jerusalem orer not live in jerusalem,Jerusalem,173,3,,
עבודה )לרבות ענף הסיעוד( ולימודים,מתן והארכת רישיון שהייה מסוג א/2 לתלמידים ולסטודנטים זרים,,Beer Sheva,174,4,,
התאזרחות,אי מתן מענה,,Haifa,175,1,,
זיקה לחוק השבות,פלשמורה,,Haifa,176,2,,
הומניטרי,מעמד ילדי זרים,got Jerusalem,Jerusalem,177,1,,
מקלט,דחיית בקשת מקלט לפי סעיף 1 לנוהל הטיפול במבקשי מקלט מס' 0012.2.5,,Tel Aviv,178,5,,
הרחקה מישראל,ערר נגד צו הרחקה כאשר העורר מצוי במשמורת,flight 24hrs,Tel Aviv,179,12,,
עבודה )לרבות ענף הסיעוד( ולימודים,סיעוד הארכת אשרת ב/1 סיעודי,,Beer Sheva,180,44,,
אשרת תייר,סירוב מתן אשרת תייר )כאשר העורר מצוי בארצו(,,Beer Sheva,181,45,,
הרחקה מישראל,אי מתן מענה,,Haifa,182,4,,
אשרת תייר,סירוב הארכת אשרה או רישיון ביקור מסוג ב2( אשרת תייר(,,Tel Aviv,183,53,,
איחוד משפחות,הסדרת מעמד לבן זוג זר הנשוי לאזרח ישראלי לפי נוהל מס' 0008.2.5,got from jerusalem orer not live in jerusalem,Jerusalem,184,4,,
רישום ילדים,רישום ומתן מעמד לקטין שנולד מחוץ לישראל שרק אחד מהוריו רשום כתושב קבע נוהל 5.2.0030 'מס,,Jerusalem,185,3,,
מקלט,דחיית בקשת מקלט לפי סעיף 7 לנוהל הטיפול במבקשי מקלט מס' 0012.2.5,,Jerusalem,186,54,,
עבודה )לרבות ענף הסיעוד( ולימודים,בקשת עובד זר לעבור בין ענפים,,Jerusalem,187,86,,
זיקה לחוק השבות,מעמד לנין של יהודי לפי נוהל מס' 0027.2.5,,Jerusalem,188,76,,
התאזרחות,בקשה להשלמת הליך התאזרחות מכוח סעיף 7 לחוק האזרחות,,Jerusalem,189,34,,
תושבות,נוהל פקיעת רישיון לישיבת קבע מס' 0018.2.5,,Tel Aviv,190,56,,
מחוסרי אזרחות / העדר מסמכי נסיעה,העדר מסמכי נסיעה,,Tel Aviv,191,1,,
הומניטרי,מעמד לנפגעי עבדות /סחר לעבודות כפייה/ סחר בנשים לפי נוהל מס' 0008.3.6,not got Jerusalem,Jerusalem,192,3,,
כניסה לישראל,"סירוב כניסה לישראל כאשר העורר שוהה בנתב""ג או במעבר גבול אחר",,Tel Aviv,193,24,,
הרחקה מישראל,אי מתן מענה,,Tel Aviv,194,32,,
אשרת תייר,סירוב הארכת אשרה או רישיון ביקור מסוג ב2( אשרת תייר(,,Beer Sheva,195,57,,
איחוד משפחות,מעמד לקטין נלווה להליך מדורג,got from jerusalem orer live in jerusalem,Jerusalem,196,7,,
רישום ילדים,רישום ומתן מעמד לקטין שנולד בישראל שרק אחד מהוריו תושב קבע לפי תקנה 12 לתקנות הכניסה לישראל נוהל מס' 0029.2.5,,Jerusalem,197,6,,
מקלט,דחיית בקשת מקלט לפי סעיף 4 לנוהל הטיפול במבקשי מקלט מס' 0012.2.5,,Jerusalem,198,7,,
עבודה )לרבות ענף הסיעוד( ולימודים,בקשת עובד זר לעבור בין ענפים,,Haifa,199,8,,
זיקה לחוק השבות,פלשמורה,,Haifa,200,40,,
כניסה לישראל,"סירוב כניסה לישראל כאשר העורר שוהה בנתב""ג או במעבר גבול אחר",,Tel Aviv,201,,,
כניסה לישראל,אי מתן מענה,,Tel Aviv,202,,,
הרחקה מישראל,ערר נגד צו הרחקה כאשר העורר מצוי במשמורת,flight this week,Tel Aviv,203,,,
הרחקה מישראל,ערר נגד צו הרחקה כאשר העורר מצוי במשמורת,flight 24hrs,Tel Aviv,204,,,
הרחקה מישראל,ערר נגד צו הרחקה כאשר העורר מצוי במשמורת,flight this week,Tel Aviv,205,2,,
איחוד משפחות,בקשה לשדרוג מעמד,got from jerusalem orer not live in jerusalem,Jerusalem,206,3,,
איחוד משפחות,מעמד לקטין נלווה להליך מדורג,got from jerusalem orer not live in jerusalem,Jerusalem,207,3,,
עבודה )לרבות ענף הסיעוד( ולימודים,מתן והארכת רישיון שהייה מסוג א/2 לתלמידים ולסטודנטים זרים,,Beer Sheva,208,4,,
התאזרחות,אי מתן מענה,,Haifa,209,1,,
זיקה לחוק השבות,פלשמורה,,Haifa,210,2,,
הומניטרי,מעמד ילדי זרים,got Jerusalem,Jerusalem,211,1,,
מקלט,דחיית בקשת מקלט לפי סעיף 1 לנוהל הטיפול במבקשי מקלט מס' 0012.2.5,,Tel Aviv,212,5,,
הרחקה מישראל,ערר נגד צו הרחקה כאשר העורר מצוי במשמורת,flight 24hrs,Tel Aviv,213,12,,
עבודה )לרבות ענף הסיעוד( ולימודים,סיעוד הארכת אשרת ב/1 סיעודי,,Beer Sheva,214,44,,
אשרת תייר,סירוב מתן אשרת תייר )כאשר העורר מצוי בארצו(,,Beer Sheva,215,45,,
הרחקה מישראל,אי מתן מענה,,Haifa,216,4,,
אשרת תייר,סירוב הארכת אשרה או רישיון ביקור מסוג ב2( אשרת תייר(,,Tel Aviv,217,53,,
איחוד משפחות,הסדרת מעמד לבן זוג זר הנשוי לאזרח ישראלי לפי נוהל מס' 0008.2.5,got from jerusalem orer not live in jerusalem,Jerusalem,218,4,,
רישום ילדים,רישום ומתן מעמד לקטין שנולד מחוץ לישראל שרק אחד מהוריו רשום כתושב קבע נוהל 5.2.0030 'מס,,Jerusalem,219,3,,
מקלט,דחיית בקשת מקלט לפי סעיף 7 לנוהל הטיפול במבקשי מקלט מס' 0012.2.5,,Jerusalem,220,54,,
עבודה )לרבות ענף הסיעוד( ולימודים,בקשת עובד זר לעבור בין ענפים,,Jerusalem,221,86,,
זיקה לחוק השבות,מעמד לנין של יהודי לפי נוהל מס' 0027.2.5,,Jerusalem,222,76,,
התאזרחות,בקשה להשלמת הליך התאזרחות מכוח סעיף 7 לחוק האזרחות,,Jerusalem,223,34,,
תושבות,נוהל פקיעת רישיון לישיבת קבע מס' 0018.2.5,,Tel Aviv,224,56,,
מחוסרי אזרחות / העדר מסמכי נסיעה,העדר מסמכי נסיעה,,Tel Aviv,225,1,,
הומניטרי,מעמד לנפגעי עבדות /סחר לעבודות כפייה/ סחר בנשים לפי נוהל מס' 0008.3.6,not got Jerusalem,Jerusalem,226,3,,
כניסה לישראל,"סירוב כניסה לישראל כאשר העורר שוהה בנתב""ג או במעבר גבול אחר",,Tel Aviv,227,24,,
הרחקה מישראל,אי מתן מענה,,Tel Aviv,228,32,,
אשרת תייר,סירוב הארכת אשרה או רישיון ביקור מסוג ב2( אשרת תייר(,,Beer Sheva,229,57,,
איחוד משפחות,מעמד לקטין נלווה להליך מדורג,got from jerusalem orer live in jerusalem,Jerusalem,230,7,,
רישום ילדים,רישום ומתן מעמד לקטין שנולד בישראל שרק אחד מהוריו תושב קבע לפי תקנה 12 לתקנות הכניסה לישראל נוהל מס' 0029.2.5,,Jerusalem,231,6,,
מקלט,דחיית בקשת מקלט לפי סעיף 4 לנוהל הטיפול במבקשי מקלט מס' 0012.2.5,,Jerusalem,232,7,,
עבודה )לרבות ענף הסיעוד( ולימודים,בקשת עובד זר לעבור בין ענפים,,Haifa,233,8,,
זיקה לחוק השבות,פלשמורה,,Haifa,234,40,,
כניסה לישראל,"סירוב כניסה לישראל כאשר העורר שוהה בנתב""ג או במעבר גבול אחר",,Tel Aviv,235,,,
כניסה לישראל,אי מתן מענה,,Tel Aviv,236,,,
הרחקה מישראל,ערר נגד צו הרחקה כאשר העורר מצוי במשמורת,flight this week,Tel Aviv,237,,,
הרחקה מישראל,ערר נגד צו הרחקה כאשר העורר מצוי במשמורת,flight 24hrs,Tel Aviv,238,,,
הרחקה מישראל,ערר נגד צו הרחקה כאשר העורר מצוי במשמורת,flight this week,Tel Aviv,239,2,,
איחוד משפחות,בקשה לשדרוג מעמד,got from jerusalem orer not live in jerusalem,Jerusalem,240,3,,
איחוד משפחות,מעמד לקטין נלווה להליך מדורג,got from jerusalem orer not live in jerusalem,Jerusalem,241,3,,
עבודה )לרבות ענף הסיעוד( ולימודים,מתן והארכת רישיון שהייה מסוג א/2 לתלמידים ולסטודנטים זרים,,Beer Sheva,242,4,,
התאזרחות,אי מתן מענה,,Haifa,243,1,,
זיקה לחוק השבות,פלשמורה,,Haifa,244,2,,
הומניטרי,מעמד ילדי זרים,got Jerusalem,Jerusalem,245,1,,
מקלט,דחיית בקשת מקלט לפי סעיף 1 לנוהל הטיפול במבקשי מקלט מס' 0012.2.5,,Tel Aviv,246,5,,
הרחקה מישראל,ערר נגד צו הרחקה כאשר העורר מצוי במשמורת,flight 24hrs,Tel Aviv,247,12,,
עבודה )לרבות ענף הסיעוד( ולימודים,סיעוד הארכת אשרת ב/1 סיעודי,,Beer Sheva,248,44,,
אשרת תייר,סירוב מתן אשרת תייר )כאשר העורר מצוי בארצו(,,Beer Sheva,249,45,,
הרחקה מישראל,אי מתן מענה,,Haifa,250,4,,
אשרת תייר,סירוב הארכת אשרה או רישיון ביקור מסוג ב2( אשרת תייר(,,Tel Aviv,251,53,,
איחוד משפחות,הסדרת מעמד לבן זוג זר הנשוי לאזרח ישראלי לפי נוהל מס' 0008.2.5,got from jerusalem orer not live in jerusalem,Jerusalem,252,4,,
רישום ילדים,רישום ומתן מעמד לקטין שנולד מחוץ לישראל שרק אחד מהוריו רשום כתושב קבע נוהל 5.2.0030 'מס,,Jerusalem,253,3,,
מקלט,דחיית בקשת מקלט לפי סעיף 7 לנוהל הטיפול במבקשי מקלט מס' 0012.2.5,,Jerusalem,254,54,,
עבודה )לרבות ענף הסיעוד( ולימודים,בקשת עובד זר לעבור בין ענפים,,Jerusalem,255,86,,
זיקה לחוק השבות,מעמד לנין של יהודי לפי נוהל מס' 0027.2.5,,Jerusalem,256,76,,
התאזרחות,בקשה להשלמת הליך התאזרחות מכוח סעיף 7 לחוק האזרחות,,Jerusalem,257,34,,
תושבות,נוהל פקיעת רישיון לישיבת קבע מס' 0018.2.5,,Tel Aviv,258,56,,
מחוסרי אזרחות / העדר מסמכי נסיעה,העדר מסמכי נסיעה,,Tel Aviv,259,1,,
הומניטרי,מעמד לנפגעי עבדות /סחר לעבודות כפייה/ סחר בנשים לפי נוהל מס' 0008.3.6,not got Jerusalem,Jerusalem,260,3,,
כניסה לישראל,"סירוב כניסה לישראל כאשר העורר שוהה בנתב""ג או במעבר גבול אחר",,Tel Aviv,261,24,,
הרחקה מישראל,אי מתן מענה,,Tel Aviv,262,32,,
אשרת תייר,סירוב הארכת אשרה או רישיון ביקור מסוג ב2( אשרת תייר(,,Beer Sheva,263,57,,
איחוד משפחות,מעמד לקטין נלווה להליך מדורג,got from jerusalem orer live in jerusalem,Jerusalem,264,7,,
רישום ילדים,רישום ומתן מעמד לקטין שנולד בישראל שרק אחד מהוריו תושב קבע לפי תקנה 12 לתקנות הכניסה לישראל נוהל מס' 0029.2.5,,Jerusalem,265,6,,
מקלט,דחיית בקשת מקלט לפי סעיף 4 לנוהל הטיפול במבקשי מקלט מס' 0012.2.5,,Jerusalem,266,7,,
עבודה )לרבות ענף הסיעוד( ולימודים,בקשת עובד זר לעבור בין ענפים,,Haifa,267,8,,
זיקה לחוק השבות,פלשמורה,,Haifa,268,40,,
כניסה לישראל,"סירוב כניסה לישראל כאשר העורר שוהה בנתב""ג או במעבר גבול אחר",,Tel Aviv,269,,,
כניסה לישראל,אי מתן מענה,,Tel Aviv,270,,,
הרחקה מישראל,ערר נגד צו הרחקה כאשר העורר מצוי במשמורת,flight this week,Tel Aviv,271,,,
הרחקה מישראל,ערר נגד צו הרחקה כאשר העורר מצוי במשמורת,flight 24hrs,Tel Aviv,272,,,
הרחקה מישראל,ערר נגד צו הרחקה כאשר העורר מצוי במשמורת,flight this week,Tel Aviv,273,2,,
איחוד משפחות,בקשה לשדרוג מעמד,got from jerusalem orer not live in jerusalem,Jerusalem,274,3,,
איחוד משפחות,מעמד לקטין נלווה להליך מדורג,got from jerusalem orer not live in jerusalem,Jerusalem,275,3,,
עבודה )לרבות ענף הסיעוד( ולימודים,מתן והארכת רישיון שהייה מסוג א/2 לתלמידים ולסטודנטים זרים,,Beer Sheva,276,4,,
התאזרחות,אי מתן מענה,,Haifa,277,1,,
זיקה לחוק השבות,פלשמורה,,Haifa,278,2,,
הומניטרי,מעמד ילדי זרים,got Jerusalem,Jerusalem,279,1,,
מקלט,דחיית בקשת מקלט לפי סעיף 1 לנוהל הטיפול במבקשי מקלט מס' 0012.2.5,,Tel Aviv,280,5,,
הרחקה מישראל,ערר נגד צו הרחקה כאשר העורר מצוי במשמורת,flight 24hrs,Tel Aviv,281,12,,
עבודה )לרבות ענף הסיעוד( ולימודים,סיעוד הארכת אשרת ב/1 סיעודי,,Beer Sheva,282,44,,
אשרת תייר,סירוב מתן אשרת תייר )כאשר העורר מצוי בארצו(,,Beer Sheva,283,45,,
הרחקה מישראל,אי מתן מענה,,Haifa,284,4,,
אשרת תייר,סירוב הארכת אשרה או רישיון ביקור מסוג ב2( אשרת תייר(,,Tel Aviv,285,53,,
איחוד משפחות,הסדרת מעמד לבן זוג זר הנשוי לאזרח ישראלי לפי נוהל מס' 0008.2.5,got from jerusalem orer not live in jerusalem,Jerusalem,286,4,,
רישום ילדים,רישום ומתן מעמד לקטין שנולד מחוץ לישראל שרק אחד מהוריו רשום כתושב קבע נוהל 5.2.0030 'מס,,Jerusalem,287,3,,
מקלט,דחיית בקשת מקלט לפי סעיף 7 לנוהל הטיפול במבקשי מקלט מס' 0012.2.5,,Jerusalem,288,54,,
עבודה )לרבות ענף הסיעוד( ולימודים,בקשת עובד זר לעבור בין ענפים,,Jerusalem,289,86,,
זיקה לחוק השבות,מעמד לנין של יהודי לפי נוהל מס' 0027.2.5,,Jerusalem,290,76,,
התאזרחות,בקשה להשלמת הליך התאזרחות מכוח סעיף 7 לחוק האזרחות,,Jerusalem,291,34,,
תושבות,נוהל פקיעת רישיון לישיבת קבע מס' 0018.2.5,,Tel Aviv,292,56,,
מחוסרי אזרחות / העדר מסמכי נסיעה,העדר מסמכי נסיעה,,Tel Aviv,293,1,,
הומניטרי,מעמד לנפגעי עבדות /סחר לעבודות כפייה/ סחר בנשים לפי נוהל מס' 0008.3.6,not got Jerusalem,Jerusalem,294,3,,
כניסה לישראל,"סירוב כניסה לישראל כאשר העורר שוהה בנתב""ג או במעבר גבול אחר",,Tel Aviv,295,24,,
הרחקה מישראל,אי מתן מענה,,Tel Aviv,296,32,,
אשרת תייר,סירוב הארכת אשרה או רישיון ביקור מסוג ב2( אשרת תייר(,,Beer Sheva,297,57,,
איחוד משפחות,מעמד לקטין נלווה להליך מדורג,got from jerusalem orer live in jerusalem,Jerusalem,298,7,,
רישום ילדים,רישום ומתן מעמד לקטין שנולד בישראל שרק אחד מהוריו תושב קבע לפי תקנה 12 לתקנות הכניסה לישראל נוהל מס' 0029.2.5,,Jerusalem,299,6,,
מקלט,דחיית בקשת מקלט לפי סעיף 4 לנוהל הטיפול במבקשי מקלט מס' 0012.2.5,,Jerusalem,300,7,,
עבודה )לרבות ענף הסיעוד( ולימודים,בקשת עובד זר לעבור בין ענפים,,Haifa,301,8,,
זיקה לחוק השבות,פלשמורה,,Haifa,302,40,,
כניסה לישראל,"סירוב כניסה לישראל כאשר העורר שוהה בנתב""ג או במעבר גבול אחר",,Tel Aviv,303,,,
כניסה לישראל,אי מתן מענה,,Tel Aviv,304,,,
הרחקה מישראל,ערר נגד צו הרחקה כאשר העורר מצוי במשמורת,flight this week,Tel Aviv,305,,,
הרחקה מישראל,ערר נגד צו הרחקה כאשר העורר מצוי במשמורת,flight 24hrs,Tel Aviv,306,,,
הרחקה מישראל,ערר נגד צו הרחקה כאשר העורר מצוי במשמורת,flight this week,Tel Aviv,307,2,,
איחוד משפחות,בקשה לשדרוג מעמד,got from jerusalem orer not live in jerusalem,Jerusalem,308,3,,
איחוד משפחות,מעמד לקטין נלווה להליך מדורג,got from jerusalem orer not live in jerusalem,Jerusalem,309,3,,
עבודה )לרבות ענף הסיעוד( ולימודים,מתן והארכת רישיון שהייה מסוג א/2 לתלמידים ולסטודנטים זרים,,Beer Sheva,310,4,,
התאזרחות,אי מתן מענה,,Haifa,311,1,,
זיקה לחוק השבות,פלשמורה,,Haifa,312,2,,
הומניטרי,מעמד ילדי זרים,got Jerusalem,Jerusalem,313,1,,
מקלט,דחיית בקשת מקלט לפי סעיף 1 לנוהל הטיפול במבקשי מקלט מס' 0012.2.5,,Tel Aviv,314,5,,
הרחקה מישראל,ערר נגד צו הרחקה כאשר העורר מצוי במשמורת,flight 24hrs,Tel Aviv,315,12,,
עבודה )לרבות ענף הסיעוד( ולימודים,סיעוד הארכת אשרת ב/1 סיעודי,,Beer Sheva,316,44,,
אשרת תייר,סירוב מתן אשרת תייר )כאשר העורר מצוי בארצו(,,Beer Sheva,317,45,,
הרחקה מישראל,אי מתן מענה,,Haifa,318,4,,
אשרת תייר,סירוב הארכת אשרה או רישיון ביקור מסוג ב2( אשרת תייר(,,Tel Aviv,319,53,,
איחוד משפחות,הסדרת מעמד לבן זוג זר הנשוי לאזרח ישראלי לפי נוהל מס' 0008.2.5,got from jerusalem orer not live in jerusalem,Jerusalem,320,4,,
רישום ילדים,רישום ומתן מעמד לקטין שנולד מחוץ לישראל שרק אחד מהוריו רשום כתושב קבע נוהל 5.2.0030 'מס,,Jerusalem,321,3,,
מקלט,דחיית בקשת מקלט לפי סעיף 7 לנוהל הטיפול במבקשי מקלט מס' 0012.2.5,,Jerusalem,322,54,,
עבודה )לרבות ענף הסיעוד( ולימודים,בקשת עובד זר לעבור בין ענפים,,Jerusalem,323,86,,
זיקה לחוק השבות,מעמד לנין של יהודי לפי נוהל מס' 0027.2.5,,Jerusalem,324,76,,
התאזרחות,בקשה להשלמת הליך התאזרחות מכוח סעיף 7 לחוק האזרחות,,Jerusalem,325,34,,
תושבות,נוהל פקיעת רישיון לישיבת קבע מס' 0018.2.5,,Tel Aviv,326,56,,
מחוסרי אזרחות / העדר מסמכי נסיעה,העדר מסמכי נסיעה,,Tel Aviv,327,1,,
הומניטרי,מעמד לנפגעי עבדות /סחר לעבודות כפייה/ סחר בנשים לפי נוהל מס' 0008.3.6,not got Jerusalem,Jerusalem,328,3,,
כניסה לישראל,"סירוב כניסה לישראל כאשר העורר שוהה בנתב""ג או במעבר גבול אחר",,Tel Aviv,329,24,,
הרחקה מישראל,אי מתן מענה,,Tel Aviv,330,32,,
אשרת תייר,סירוב הארכת אשרה או רישיון ביקור מסוג ב2( אשרת תייר(,,Beer Sheva,331,57,,
איחוד משפחות,מעמד לקטין נלווה להליך מדורג,got from jerusalem orer live in jerusalem,Jerusalem,332,7,,
רישום ילדים,רישום ומתן מעמד לקטין שנולד בישראל שרק אחד מהוריו תושב קבע לפי תקנה 12 לתקנות הכניסה לישראל נוהל מס' 0029.2.5,,Jerusalem,333,6,,
מקלט,דחיית בקשת מקלט לפי סעיף 4 לנוהל הטיפול במבקשי מקלט מס' 0012.2.5,,Jerusalem,334,7,,
עבודה )לרבות ענף הסיעוד( ולימודים,בקשת עובד זר לעבור בין ענפים,,Haifa,335,8,,
זיקה לחוק השבות,פלשמורה,,Haifa,336,40,,
כניסה לישראל,"סירוב כניסה לישראל כאשר העורר שוהה בנתב""ג או במעבר גבול אחר",,Tel Aviv,337,,,
כניסה לישראל,אי מתן מענה,,Tel Aviv,338,,,
הרחקה מישראל,ערר נגד צו הרחקה כאשר העורר מצוי במשמורת,flight this week,Tel Aviv,339,,,
הרחקה מישראל,ערר נגד צו הרחקה כאשר העורר מצוי במשמורת,flight 24hrs,Tel Aviv,340,,,
הרחקה מישראל,ערר נגד צו הרחקה כאשר העורר מצוי במשמורת,flight this week,Tel Aviv,341,2,,
איחוד משפחות,בקשה לשדרוג מעמד,got from jerusalem orer not live in jerusalem,Jerusalem,342,3,,
איחוד משפחות,מעמד לקטין נלווה להליך מדורג,got from jerusalem orer not live in jerusalem,Jerusalem,343,3,,
עבודה )לרבות ענף הסיעוד( ולימודים,מתן והארכת רישיון שהייה מסוג א/2 לתלמידים ולסטודנטים זרים,,Beer Sheva,344,4,,
התאזרחות,אי מתן מענה,,Haifa,345,1,,
זיקה לחוק השבות,פלשמורה,,Haifa,346,2,,
הומניטרי,מעמד ילדי זרים,got Jerusalem,Jerusalem,347,1,,
מקלט,דחיית בקשת מקלט לפי סעיף 1 לנוהל הטיפול במבקשי מקלט מס' 0012.2.5,,Tel Aviv,348,5,,
הרחקה מישראל,ערר נגד צו הרחקה כאשר העורר מצוי במשמורת,flight 24hrs,Tel Aviv,349,12,,
עבודה )לרבות ענף הסיעוד( ולימודים,סיעוד הארכת אשרת ב/1 סיעודי,,Beer Sheva,350,44,,
אשרת תייר,סירוב מתן אשרת תייר )כאשר העורר מצוי בארצו(,,Beer Sheva,351,45,,
הרחקה מישראל,אי מתן מענה,,Haifa,352,4,,
אשרת תייר,סירוב הארכת אשרה או רישיון ביקור מסוג ב2( אשרת תייר(,,Tel Aviv,353,53,,
איחוד משפחות,הסדרת מעמד לבן זוג זר הנשוי לאזרח ישראלי לפי נוהל מס' 0008.2.5,got from jerusalem orer not live in jerusalem,Jerusalem,354,4,,
רישום ילדים,רישום ומתן מעמד לקטין שנולד מחוץ לישראל שרק אחד מהוריו רשום כתושב קבע נוהל 5.2.0030 'מס,,Jerusalem,355,3,,
מקלט,דחיית בקשת מקלט לפי סעיף 7 לנוהל הטיפול במבקשי מקלט מס' 0012.2.5,,Jerusalem,356,54,,
עבודה )לרבות ענף הסיעוד( ולימודים,בקשת עובד זר לעבור בין ענפים,,Jerusalem,357,86,,
זיקה לחוק השבות,מעמד לנין של יהודי לפי נוהל מס' 0027.2.5,,Jerusalem,358,76,,
התאזרחות,בקשה להשלמת הליך התאזרחות מכוח סעיף 7 לחוק האזרחות,,Jerusalem,359,34,,
תושבות,נוהל פקיעת רישיון לישיבת קבע מס' 0018.2.5,,Tel Aviv,360,56,,
מחוסרי אזרחות / העדר מסמכי נסיעה,העדר מסמכי נסיעה,,Tel Aviv,361,1,,
הומניטרי,מעמד לנפגעי עבדות /סחר לעבודות כפייה/ סחר בנשים לפי נוהל מס' 0008.3.6,not got Jerusalem,Jerusalem,362,3,,
כניסה לישראל,"סירוב כניסה לישראל כאשר העורר שוהה בנתב""ג או במעבר גבול אחר",,Tel Aviv,363,24,,
הרחקה מישראל,אי מתן מענה,,Tel Aviv,364,32,,
אשרת תייר,סירוב הארכת אשרה או רישיון ביקור מסוג ב2( אשרת תייר(,,Beer Sheva,365,57,,
איחוד משפחות,מעמד לקטין נלווה להליך מדורג,got from jerusalem orer live in jerusalem,Jerusalem,366,7,,
רישום ילדים,רישום ומתן מעמד לקטין שנולד בישראל שרק אחד מהוריו תושב קבע לפי תקנה 12 לתקנות הכניסה לישראל נוהל מס' 0029.2.5,,Jerusalem,367,6,,
מקלט,דחיית בקשת מקלט לפי סעיף 4 לנוהל הטיפול במבקשי מקלט מס' 0012.2.5,,Jerusalem,368,7,,
עבודה )לרבות ענף הסיעוד( ולימודים,בקשת עובד זר לעבור בין ענפים,,Haifa,369,8,,
זיקה לחוק השבות,פלשמורה,,Haifa,370,40,,
כניסה לישראל,"סירוב כניסה לישראל כאשר העורר שוהה בנתב""ג או במעבר גבול אחר",,Tel Aviv,371,,,
כניסה לישראל,אי מתן מענה,,Tel Aviv,372,,,
הרחקה מישראל,ערר נגד צו הרחקה כאשר העורר מצוי במשמורת,flight this week,Tel Aviv,373,,,
הרחקה מישראל,ערר נגד צו הרחקה כאשר העורר מצוי במשמורת,flight 24hrs,Tel Aviv,374,,,
הרחקה מישראל,ערר נגד צו הרחקה כאשר העורר מצוי במשמורת,flight this week,Tel Aviv,375,2,,
איחוד משפחות,בקשה לשדרוג מעמד,got from jerusalem orer not live in jerusalem,Jerusalem,376,3,,
איחוד משפחות,מעמד לקטין נלווה להליך מדורג,got from jerusalem orer not live in jerusalem,Jerusalem,377,3,,
עבודה )לרבות ענף הסיעוד( ולימודים,מתן והארכת רישיון שהייה מסוג א/2 לתלמידים ולסטודנטים זרים,,Beer Sheva,378,4,,
התאזרחות,אי מתן מענה,,Haifa,379,1,,
זיקה לחוק השבות,פלשמורה,,Haifa,380,2,,
הומניטרי,מעמד ילדי זרים,got Jerusalem,Jerusalem,381,1,,
מקלט,דחיית בקשת מקלט לפי סעיף 1 לנוהל הטיפול במבקשי מקלט מס' 0012.2.5,,Tel Aviv,382,5,,
הרחקה מישראל,ערר נגד צו הרחקה כאשר העורר מצוי במשמורת,flight 24hrs,Tel Aviv,383,12,,
עבודה )לרבות ענף הסיעוד( ולימודים,סיעוד הארכת אשרת ב/1 סיעודי,,Beer Sheva,384,44,,
אשרת תייר,סירוב מתן אשרת תייר )כאשר העורר מצוי בארצו(,,Beer Sheva,385,45,,
הרחקה מישראל,אי מתן מענה,,Haifa,386,4,,
אשרת תייר,סירוב הארכת אשרה או רישיון ביקור מסוג ב2( אשרת תייר(,,Tel Aviv,387,53,,
איחוד משפחות,הסדרת מעמד לבן זוג זר הנשוי לאזרח ישראלי לפי נוהל מס' 0008.2.5,got from jerusalem orer not live in jerusalem,Jerusalem,388,4,,
רישום ילדים,רישום ומתן מעמד לקטין שנולד מחוץ לישראל שרק אחד מהוריו רשום כתושב קבע נוהל 5.2.0030 'מס,,Jerusalem,389,3,,
מקלט,דחיית בקשת מקלט לפי סעיף 7 לנוהל הטיפול במבקשי מקלט מס' 0012.2.5,,Jerusalem,390,54,,
עבודה )לרבות ענף הסיעוד( ולימודים,בקשת עובד זר לעבור בין ענפים,,Jerusalem,391,86,,
זיקה לחוק השבות,מעמד לנין של יהודי לפי נוהל מס' 0027.2.5,,Jerusalem,392,76,,
התאזרחות,בקשה להשלמת הליך התאזרחות מכוח סעיף 7 לחוק האזרחות,,Jerusalem,393,34,,
תושבות,נוהל פקיעת רישיון לישיבת קבע מס' 0018.2.5,,Tel Aviv,394,56,,
מחוסרי אזרחות / העדר מסמכי נסיעה,העדר מסמכי נסיעה,,Tel Aviv,395,1,,
הומניטרי,מעמד לנפגעי עבדות /סחר לעבודות כפייה/ סחר בנשים לפי נוהל מס' 0008.3.6,not got Jerusalem,Jerusalem,396,3,,
כניסה לישראל,"סירוב כניסה לישראל כאשר העורר שוהה בנתב""ג או במעבר גבול אחר",,Tel Aviv,397,24,,
הרחקה מישראל,אי מתן מענה,,Tel Aviv,398,32,,
אשרת תייר,סירוב הארכת אשרה או רישיון ביקור מסוג ב2( אשרת תייר(,,Beer Sheva,399,57,,
איחוד משפחות,מעמד לקטין נלווה להליך מדורג,got from jerusalem orer live in jerusalem,Jerusalem,400,7,,
רישום ילדים,רישום ומתן מעמד לקטין שנולד בישראל שרק אחד מהוריו תושב קבע לפי תקנה 12 לתקנות הכניסה לישראל נוהל מס' 0029.2.5,,Jerusalem,401,6,,
מקלט,דחיית בקשת מקלט לפי סעיף 4 לנוהל הטיפול במבקשי מקלט מס' 0012.2.5,,Jerusalem,402,7,,
עבודה )לרבות ענף הסיעוד( ולימודים,בקשת עובד זר לעבור בין ענפים,,Haifa,403,8,,
זיקה לחוק השבות,פלשמורה,,Haifa,404,40,,
כניסה לישראל,"סירוב כניסה לישראל כאשר העורר שוהה בנתב""ג או במעבר גבול אחר",,Tel Aviv,405,,,
כניסה לישראל,אי מתן מענה,,Tel Aviv,406,,,
הרחקה מישראל,ערר נגד צו הרחקה כאשר העורר מצוי במשמורת,flight this week,Tel Aviv,407,,,
הרחקה מישראל,ערר נגד צו הרחקה כאשר העורר מצוי במשמורת,flight 24hrs,Tel Aviv,408,,,
הרחקה מישראל,ערר נגד צו הרחקה כאשר העורר מצוי במשמורת,flight this week,Tel Aviv,409,2,,
איחוד משפחות,בקשה לשדרוג מעמד,got from jerusalem orer not live in jerusalem,Jerusalem,410,3,,
איחוד משפחות,מעמד לקטין נלווה להליך מדורג,got from jerusalem orer not live in jerusalem,Jerusalem,411,3,,
עבודה )לרבות ענף הסיעוד( ולימודים,מתן והארכת רישיון שהייה מסוג א/2 לתלמידים ולסטודנטים זרים,,Beer Sheva,412,4,,
התאזרחות,אי מתן מענה,,Haifa,413,1,,
זיקה לחוק השבות,פלשמורה,,Haifa,414,2,,
הומניטרי,מעמד ילדי זרים,got Jerusalem,Jerusalem,415,1,,
מקלט,דחיית בקשת מקלט לפי סעיף 1 לנוהל הטיפול במבקשי מקלט מס' 0012.2.5,,Tel Aviv,416,5,,
הרחקה מישראל,ערר נגד צו הרחקה כאשר העורר מצוי במשמורת,flight 24hrs,Tel Aviv,417,12,,
עבודה )לרבות ענף הסיעוד( ולימודים,סיעוד הארכת אשרת ב/1 סיעודי,,Beer Sheva,418,44,,
אשרת תייר,סירוב מתן אשרת תייר )כאשר העורר מצוי בארצו(,,Beer Sheva,419,45,,
הרחקה מישראל,אי מתן מענה,,Haifa,420,4,,
אשרת תייר,סירוב הארכת אשרה או רישיון ביקור מסוג ב2( אשרת תייר(,,Tel Aviv,421,53,,
איחוד משפחות,הסדרת מעמד לבן זוג זר הנשוי לאזרח ישראלי לפי נוהל מס' 0008.2.5,got from jerusalem orer not live in jerusalem,Jerusalem,422,4,,
רישום ילדים,רישום ומתן מעמד לקטין שנולד מחוץ לישראל שרק אחד מהוריו רשום כתושב קבע נוהל 5.2.0030 'מס,,Jerusalem,423,3,,
מקלט,דחיית בקשת מקלט לפי סעיף 7 לנוהל הטיפול במבקשי מקלט מס' 0012.2.5,,Jerusalem,424,54,,
עבודה )לרבות ענף הסיעוד( ולימודים,בקשת עובד זר לעבור בין ענפים,,Jerusalem,425,86,,
זיקה לחוק השבות,מעמד לנין של יהודי לפי נוהל מס' 0027.2.5,,Jerusalem,426,76,,
התאזרחות,בקשה להשלמת הליך התאזרחות מכוח סעיף 7 לחוק האזרחות,,Jerusalem,427,34,,
תושבות,נוהל פקיעת רישיון לישיבת קבע מס' 0018.2.5,,Tel Aviv,428,56,,
מחוסרי אזרחות / העדר מסמכי נסיעה,העדר מסמכי נסיעה,,Tel Aviv,429,1,,
הומניטרי,מעמד לנפגעי עבדות /סחר לעבודות כפייה/ סחר בנשים לפי נוהל מס' 0008.3.6,not got Jerusalem,Jerusalem,430,3,,
כניסה לישראל,"סירוב כניסה לישראל כאשר העורר שוהה בנתב""ג או במעבר גבול אחר",,Tel Aviv,431,24,,
הרחקה מישראל,אי מתן מענה,,Tel Aviv,432,32,,
אשרת תייר,סירוב הארכת אשרה או רישיון ביקור מסוג ב2( אשרת תייר(,,Beer Sheva,433,57,,
איחוד משפחות,מעמד לקטין נלווה להליך מדורג,got from jerusalem orer live in jerusalem,Jerusalem,434,7,,
רישום ילדים,רישום ומתן מעמד לקטין שנולד בישראל שרק אחד מהוריו תושב קבע לפי תקנה 12 לתקנות הכניסה לישראל נוהל מס' 0029.2.5,,Jerusalem,435,6,,
מקלט,דחיית בקשת מקלט לפי סעיף 4 לנוהל הטיפול במבקשי מקלט מס' 0012.2.5,,Jerusalem,436,7,,
עבודה )לרבות ענף הסיעוד( ולימודים,בקשת עובד זר לעבור בין ענפים,,Haifa,437,8,,
זיקה לחוק השבות,פלשמורה,,Haifa,438,40,,
כניסה לישראל,"סירוב כניסה לישראל כאשר העורר שוהה בנתב""ג או במעבר גבול אחר",,Tel Aviv,439,,,
כניסה לישראל,אי מתן מענה,,Tel Aviv,440,,,
הרחקה מישראל,ערר נגד צו הרחקה כאשר העורר מצוי במשמורת,flight this week,Tel Aviv,441,,,
הרחקה מישראל,ערר נגד צו הרחקה כאשר העורר מצוי במשמורת,flight 24hrs,Tel Aviv,442,,,
איחוד משפחות,מעמד לקטין נלווה להליך מדורג,got from jerusalem orer live in jerusalem,Jerusalem,26,7,,
רישום ילדים,רישום ומתן מעמד לקטין שנולד בישראל שרק אחד מהוריו תושב קבע לפי תקנה 12 לתקנות הכניסה לישראל נוהל מס' 0029.2.5,,Jerusalem,27,6,,
מקלט,דחיית בקשת מקלט לפי סעיף 4 לנוהל הטיפול במבקשי מקלט מס' 0012.2.5,,Jerusalem,28,7,,
איחוד משפחות,הסדרת מעמד לבן זוג זר הנשוי לאזרח ישראלי לפי נוהל מס' 0008.2.5,got from jerusalem orer not live in jerusalem,Jerusalem,422,4,,
רישום ילדים,רישום ומתן מעמד לקטין שנולד מחוץ לישראל שרק אחד מהוריו רשום כתושב קבע נוהל 5.2.0030 'מס,,Jerusalem,423,3,,
מקלט,דחיית בקשת מקלט לפי סעיף 7 לנוהל הטיפול במבקשי מקלט מס' 0012.2.5,,Jerusalem,424,54,,
איחוד משפחות,מעמד לקטין נלווה להליך מדורג,got from jerusalem orer live in jerusalem,Jerusalem,434,7,,
רישום ילדים,רישום ומתן מעמד לקטין שנולד בישראל שרק אחד מהוריו תושב קבע לפי תקנה 12 לתקנות הכניסה לישראל נוהל מס' 0029.2.5,,Jerusalem,435,6,,
מקלט,דחיית בקשת מקלט לפי סעיף 4 לנוהל הטיפול במבקשי מקלט מס' 0012.2.5,,Jerusalem,436,7,,
איחוד משפחות,מעמד לקטין נלווה להליך מדורג,got from jerusalem orer live in jerusalem,Jerusalem,26,7,,
רישום ילדים,רישום ומתן מעמד לקטין שנולד בישראל שרק אחד מהוריו תושב קבע לפי תקנה 12 לתקנות הכניסה לישראל נוהל מס' 0029.2.5,,Jerusalem,27,6,,
מקלט,דחיית בקשת מקלט לפי סעיף 4 לנוהל הטיפול במבקשי מקלט מס' 0012.2.5,,Jerusalem,28,7,,
איחוד משפחות,הסדרת מעמד לבן זוג זר הנשוי לאזרח ישראלי לפי נוהל מס' 0008.2.5,got from jerusalem orer not live in jerusalem,Jerusalem,422,4,,
רישום ילדים,רישום ומתן מעמד לקטין שנולד מחוץ לישראל שרק אחד מהוריו רשום כתושב קבע נוהל 5.2.0030 'מס,,Jerusalem,423,3,,
מקלט,דחיית בקשת מקלט לפי סעיף 7 לנוהל הטיפול במבקשי מקלט מס' 0012.2.5,,Jerusalem,424,54,,
איחוד משפחות,מעמד לקטין נלווה להליך מדורג,got from jerusalem orer live in jerusalem,Jerusalem,434,7,,
רישום ילדים,רישום ומתן מעמד לקטין שנולד בישראל שרק אחד מהוריו תושב קבע לפי תקנה 12 לתקנות הכניסה לישראל נוהל מס' 0029.2.5,,Jerusalem,435,6,,
מקלט,דחיית בקשת מקלט לפי סעיף 4 לנוהל הטיפול במבקשי מקלט מס' 0012.2.5,,Jerusalem,436,7,,
איחוד משפחות,מעמד לקטין נלווה להליך מדורג,got from jerusalem orer live in jerusalem,Jerusalem,26,7,,
רישום ילדים,רישום ומתן מעמד לקטין שנולד בישראל שרק אחד מהוריו תושב קבע לפי תקנה 12 לתקנות הכניסה לישראל נוהל מס' 0029.2.5,,Jerusalem,27,6,,
מקלט,דחיית בקשת מקלט לפי סעיף 4 לנוהל הטיפול במבקשי מקלט מס' 0012.2.5,,Jerusalem,28,7,,
איחוד משפחות,הסדרת מעמד לבן זוג זר הנשוי לאזרח ישראלי לפי נוהל מס' 0008.2.5,got from jerusalem orer not live in jerusalem,Jerusalem,422,4,,
רישום ילדים,רישום ומתן מעמד לקטין שנולד מחוץ לישראל שרק אחד מהוריו רשום כתושב קבע נוהל 5.2.0030 'מס,,Jerusalem,423,3,,
מקלט,דחיית בקשת מקלט לפי סעיף 7 לנוהל הטיפול במבקשי מקלט מס' 0012.2.5,,Jerusalem,424,54,,
איחוד משפחות,מעמד לקטין נלווה להליך מדורג,got from jerusalem orer live in jerusalem,Jerusalem,434,7,,
רישום ילדים,רישום ומתן מעמד לקטין שנולד בישראל שרק אחד מהוריו תושב קבע לפי תקנה 12 לתקנות הכניסה לישראל נוהל מס' 0029.2.5,,Jerusalem,435,6,,
מקלט,דחיית בקשת מקלט לפי סעיף 4 לנוהל הטיפול במבקשי מקלט מס' 0012.2.5,,Jerusalem,436,7,,
איחוד משפחות,מעמד לקטין נלווה להליך מדורג,got from jerusalem orer live in jerusalem,Jerusalem,26,7,,
רישום ילדים,רישום ומתן מעמד לקטין שנולד בישראל שרק אחד מהוריו תושב קבע לפי תקנה 12 לתקנות הכניסה לישראל נוהל מס' 0029.2.5,,Jerusalem,27,6,,
מקלט,דחיית בקשת מקלט לפי סעיף 4 לנוהל הטיפול במבקשי מקלט מס' 0012.2.5,,Jerusalem,28,7,,
איחוד משפחות,הסדרת מעמד לבן זוג זר הנשוי לאזרח ישראלי לפי נוהל מס' 0008.2.5,got from jerusalem orer not live in jerusalem,Jerusalem,422,4,,
רישום ילדים,רישום ומתן מעמד לקטין שנולד מחוץ לישראל שרק אחד מהוריו רשום כתושב קבע נוהל 5.2.0030 'מס,,Jerusalem,423,3,,
מקלט,דחיית בקשת מקלט לפי סעיף 7 לנוהל הטיפול במבקשי מקלט מס' 0012.2.5,,Jerusalem,424,54,,
איחוד משפחות,מעמד לקטין נלווה להליך מדורג,got from jerusalem orer live in jerusalem,Jerusalem,434,7,,
רישום ילדים,רישום ומתן מעמד לקטין שנולד בישראל שרק אחד מהוריו תושב קבע לפי תקנה 12 לתקנות הכניסה לישראל נוהל מס' 0029.2.5,,Jerusalem,435,6,,
מקלט,דחיית בקשת מקלט לפי סעיף 4 לנוהל הטיפול במבקשי מקלט מס' 0012.2.5,,Jerusalem,436,7,,
איחוד משפחות,מעמד לקטין נלווה להליך מדורג,got from jerusalem orer live in jerusalem,Jerusalem,26,7,,
רישום ילדים,רישום ומתן מעמד לקטין שנולד בישראל שרק אחד מהוריו תושב קבע לפי תקנה 12 לתקנות הכניסה לישראל נוהל מס' 0029.2.5,,Jerusalem,27,6,,
מקלט,דחיית בקשת מקלט לפי סעיף 4 לנוהל הטיפול במבקשי מקלט מס' 0012.2.5,,Jerusalem,28,7,,
איחוד משפחות,הסדרת מעמד לבן זוג זר הנשוי לאזרח ישראלי לפי נוהל מס' 0008.2.5,got from jerusalem orer not live in jerusalem,Jerusalem,422,4,,
רישום ילדים,רישום ומתן מעמד לקטין שנולד מחוץ לישראל שרק אחד מהוריו רשום כתושב קבע נוהל 5.2.0030 'מס,,Jerusalem,423,3,,
מקלט,דחיית בקשת מקלט לפי סעיף 7 לנוהל הטיפול במבקשי מקלט מס' 0012.2.5,,Jerusalem,424,54,,
איחוד משפחות,מעמד לקטין נלווה להליך מדורג,got from jerusalem orer live in jerusalem,Jerusalem,434,7,,
רישום ילדים,רישום ומתן מעמד לקטין שנולד בישראל שרק אחד מהוריו תושב קבע לפי תקנה 12 לתקנות הכניסה לישראל נוהל מס' 0029.2.5,,Jerusalem,435,6,,
מקלט,דחיית בקשת מקלט לפי סעיף 4 לנוהל הטיפול במבקשי מקלט מס' 0012.2.5,,Jerusalem,436,7,,
איחוד משפחות,מעמד לקטין נלווה להליך מדורג,got from jerusalem orer live in jerusalem,Jerusalem,26,7,,
רישום ילדים,רישום ומתן מעמד לקטין שנולד בישראל שרק אחד מהוריו תושב קבע לפי תקנה 12 לתקנות הכניסה לישראל נוהל מס' 0029.2.5,,Jerusalem,27,6,,
מקלט,דחיית בקשת מקלט לפי סעיף 4 לנוהל הטיפול במבקשי מקלט מס' 0012.2.5,,Jerusalem,28,7,,
איחוד משפחות,הסדרת מעמד לבן זוג זר הנשוי לאזרח ישראלי לפי נוהל מס' 0008.2.5,got from jerusalem orer not live in jerusalem,Jerusalem,422,4,,
רישום ילדים,רישום ומתן מעמד לקטין שנולד מחוץ לישראל שרק אחד מהוריו רשום כתושב קבע נוהל 5.2.0030 'מס,,Jerusalem,423,3,,
מקלט,דחיית בקשת מקלט לפי סעיף 7 לנוהל הטיפול במבקשי מקלט מס' 0012.2.5,,Jerusalem,424,54,,
איחוד משפחות,מעמד לקטין נלווה להליך מדורג,got from jerusalem orer live in jerusalem,Jerusalem,434,7,,
רישום ילדים,רישום ומתן מעמד לקטין שנולד בישראל שרק אחד מהוריו תושב קבע לפי תקנה 12 לתקנות הכניסה לישראל נוהל מס' 0029.2.5,,Jerusalem,435,6,,
מקלט,דחיית בקשת מקלט לפי סעיף 4 לנוהל הטיפול במבקשי מקלט מס' 0012.2.5,,Jerusalem,436,7,,
איחוד משפחות,מעמד לקטין נלווה להליך מדורג,got from jerusalem orer live in jerusalem,Jerusalem,26,7,,
רישום ילדים,רישום ומתן מעמד לקטין שנולד בישראל שרק אחד מהוריו תושב קבע לפי תקנה 12 לתקנות הכניסה לישראל נוהל מס' 0029.2.5,,Jerusalem,27,6,,
מקלט,דחיית בקשת מקלט לפי סעיף 4 לנוהל הטיפול במבקשי מקלט מס' 0012.2.5,,Jerusalem,28,7,,
איחוד משפחות,הסדרת מעמד לבן זוג זר הנשוי לאזרח ישראלי לפי נוהל מס' 0008.2.5,got from jerusalem orer not live in jerusalem,Jerusalem,422,4,,
רישום ילדים,רישום ומתן מעמד לקטין שנולד מחוץ לישראל שרק אחד מהוריו רשום כתושב קבע נוהל 5.2.0030 'מס,,Jerusalem,423,3,,
מקלט,דחיית בקשת מקלט לפי סעיף 7 לנוהל הטיפול במבקשי מקלט מס' 0012.2.5,,Jerusalem,424,54,,
איחוד משפחות,מעמד לקטין נלווה להליך מדורג,got from jerusalem orer live in jerusalem,Jerusalem,434,7,,
רישום ילדים,רישום ומתן מעמד לקטין שנולד בישראל שרק אחד מהוריו תושב קבע לפי תקנה 12 לתקנות הכניסה לישראל נוהל מס' 0029.2.5,,Jerusalem,435,6,,
מקלט,דחיית בקשת מקלט לפי סעיף 4 לנוהל הטיפול במבקשי מקלט מס' 0012.2.5,,Jerusalem,436,7,,
איחוד משפחות,מעמד לקטין נלווה להליך מדורג,got from jerusalem orer live in jerusalem,Jerusalem,26,7,,
רישום ילדים,רישום ומתן מעמד לקטין שנולד בישראל שרק אחד מהוריו תושב קבע לפי תקנה 12 לתקנות הכניסה לישראל נוהל מס' 0029.2.5,,Jerusalem,27,6,,
מקלט,דחיית בקשת מקלט לפי סעיף 4 לנוהל הטיפול במבקשי מקלט מס' 0012.2.5,,Jerusalem,28,7,,
איחוד משפחות,הסדרת מעמד לבן זוג זר הנשוי לאזרח ישראלי לפי נוהל מס' 0008.2.5,got from jerusalem orer not live in jerusalem,Jerusalem,422,4,,
רישום ילדים,רישום ומתן מעמד לקטין שנולד מחוץ לישראל שרק אחד מהוריו רשום כתושב קבע נוהל 5.2.0030 'מס,,Jerusalem,423,3,,
מקלט,דחיית בקשת מקלט לפי סעיף 7 לנוהל הטיפול במבקשי מקלט מס' 0012.2.5,,Jerusalem,424,54,,
איחוד משפחות,מעמד לקטין נלווה להליך מדורג,got from jerusalem orer live in jerusalem,Jerusalem,434,7,,
רישום ילדים,רישום ומתן מעמד לקטין שנולד בישראל שרק אחד מהוריו תושב קבע לפי תקנה 12 לתקנות הכניסה לישראל נוהל מס' 0029.2.5,,Jerusalem,435,6,,
מקלט,דחיית בקשת מקלט לפי סעיף 4 לנוהל הטיפול במבקשי מקלט מס' 0012.2.5,,Jerusalem,436,7,,
איחוד משפחות,מעמד לקטין נלווה להליך מדורג,got from jerusalem orer live in jerusalem,Jerusalem,26,7,,
רישום ילדים,רישום ומתן מעמד לקטין שנולד בישראל שרק אחד מהוריו תושב קבע לפי תקנה 12 לתקנות הכניסה לישראל נוהל מס' 0029.2.5,,Jerusalem,27,6,,
מקלט,דחיית בקשת מקלט לפי סעיף 4 לנוהל הטיפול במבקשי מקלט מס' 0012.2.5,,Jerusalem,28,7,,
איחוד משפחות,הסדרת מעמד לבן זוג זר הנשוי לאזרח ישראלי לפי נוהל מס' 0008.2.5,got from jerusalem orer not live in jerusalem,Jerusalem,422,4,,
רישום ילדים,רישום ומתן מעמד לקטין שנולד מחוץ לישראל שרק אחד מהוריו רשום כתושב קבע נוהל 5.2.0030 'מס,,Jerusalem,423,3,,
מקלט,דחיית בקשת מקלט לפי סעיף 7 לנוהל הטיפול במבקשי מקלט מס' 0012.2.5,,Jerusalem,424,54,,
איחוד משפחות,מעמד לקטין נלווה להליך מדורג,got from jerusalem orer live in jerusalem,Jerusalem,434,7,,
רישום ילדים,רישום ומתן מעמד לקטין שנולד בישראל שרק אחד מהוריו תושב קבע לפי תקנה 12 לתקנות הכניסה לישראל נוהל מס' 0029.2.5,,Jerusalem,435,6,,
מקלט,דחיית בקשת מקלט לפי סעיף 4 לנוהל הטיפול במבקשי מקלט מס' 0012.2.5,,Jerusalem,436,7,,
רישום ילדים,רישום ומתן מעמד לקטין שנולד מחוץ לישראל שרק אחד מהוריו רשום כתושב קבע נוהל 5.2.0030 'מס,,Jerusalem,423,3,,
מקלט,דחיית בקשת מקלט לפי סעיף 7 לנוהל הטיפול במבקשי מקלט מס' 0012.2.5,,Jerusalem,424,54,,
איחוד משפחות,מעמד לקטין נלווה להליך מדורג,got from jerusalem orer live in jerusalem,Jerusalem,434,7,,
רישום ילדים,רישום ומתן מעמד לקטין שנולד בישראל שרק אחד מהוריו תושב קבע לפי תקנה 12 לתקנות הכניסה לישראל נוהל מס' 0029.2.5,,Jerusalem,435,6,,
מקלט,דחיית בקשת מקלט לפי סעיף 4 לנוהל הטיפול במבקשי מקלט מס' 0012.2.5,,Jerusalem,436,7,,
איחוד משפחות,מעמד לקטין נלווה להליך מדורג,got from jerusalem orer live in jerusalem,Jerusalem,26,7,,
רישום ילדים,רישום ומתן מעמד לקטין שנולד בישראל שרק אחד מהוריו תושב קבע לפי תקנה 12 לתקנות הכניסה לישראל נוהל מס' 0029.2.5,,Jerusalem,27,6,,
מקלט,דחיית בקשת מקלט לפי סעיף 4 לנוהל הטיפול במבקשי מקלט מס' 0012.2.5,,Jerusalem,28,7,,
איחוד משפחות,הסדרת מעמד לבן זוג זר הנשוי לאזרח ישראלי לפי נוהל מס' 0008.2.5,got from jerusalem orer not live in jerusalem,Jerusalem,422,4,,
רישום ילדים,רישום ומתן מעמד לקטין שנולד מחוץ לישראל שרק אחד מהוריו רשום כתושב קבע נוהל 5.2.0030 'מס,,Jerusalem,423,3,,
מקלט,דחיית בקשת מקלט לפי סעיף 7 לנוהל הטיפול במבקשי מקלט מס' 0012.2.5,,Jerusalem,424,54,,
איחוד משפחות,מעמד לקטין נלווה להליך מדורג,got from jerusalem orer live in jerusalem,Jerusalem,434,7,,
רישום ילדים,רישום ומתן מעמד לקטין שנולד בישראל שרק אחד מהוריו תושב קבע לפי תקנה 12 לתקנות הכניסה לישראל נוהל מס' 0029.2.5,,Jerusalem,435,6,,
מקלט,דחיית בקשת מקלט לפי סעיף 4 לנוהל הטיפול במבקשי מקלט מס' 0012.2.5,,Jerusalem,436,7,,
איחוד משפחות,מעמד לקטין נלווה להליך מדורג,got from jerusalem orer live in jerusalem,Jerusalem,26,7,,
רישום ילדים,רישום ומתן מעמד לקטין שנולד בישראל שרק אחד מהוריו תושב קבע לפי תקנה 12 לתקנות הכניסה לישראל נוהל מס' 0029.2.5,,Jerusalem,27,6,,
מקלט,דחיית בקשת מקלט לפי סעיף 4 לנוהל הטיפול במבקשי מקלט מס' 0012.2.5,,Jerusalem,28,7,,
איחוד משפחות,הסדרת מעמד לבן זוג זר הנשוי לאזרח ישראלי לפי נוהל מס' 0008.2.5,got from jerusalem orer not live in jerusalem,Jerusalem,422,4,,
רישום ילדים,רישום ומתן מעמד לקטין שנולד מחוץ לישראל שרק אחד מהוריו רשום כתושב קבע נוהל 5.2.0030 'מס,,Jerusalem,423,3,,
מקלט,דחיית בקשת מקלט לפי סעיף 7 לנוהל הטיפול במבקשי מקלט מס' 0012.2.5,,Jerusalem,424,54,,
איחוד משפחות,מעמד לקטין נלווה להליך מדורג,got from jerusalem orer live in jerusalem,Jerusalem,434,7,,
רישום ילדים,רישום ומתן מעמד לקטין שנולד בישראל שרק אחד מהוריו תושב קבע לפי תקנה 12 לתקנות הכניסה לישראל נוהל מס' 0029.2.5,,Jerusalem,435,6,,
מקלט,דחיית בקשת מקלט לפי סעיף 4 לנוהל הטיפול במבקשי מקלט מס' 0012.2.5,,Jerusalem,436,7,,
איחוד משפחות,מעמד לקטין נלווה להליך מדורג,got from jerusalem orer live in jerusalem,Jerusalem,26,7,,
רישום ילדים,רישום ומתן מעמד לקטין שנולד בישראל שרק אחד מהוריו תושב קבע לפי תקנה 12 לתקנות הכניסה לישראל נוהל מס' 0029.2.5,,Jerusalem,27,6,,
מקלט,דחיית בקשת מקלט לפי סעיף 4 לנוהל הטיפול במבקשי מקלט מס' 0012.2.5,,Jerusalem,28,7,,
איחוד משפחות,הסדרת מעמד לבן זוג זר הנשוי לאזרח ישראלי לפי נוהל מס' 0008.2.5,got from jerusalem orer not live in jerusalem,Jerusalem,422,4,,
רישום ילדים,רישום ומתן מעמד לקטין שנולד מחוץ לישראל שרק אחד מהוריו רשום כתושב קבע נוהל 5.2.0030 'מס,,Jerusalem,423,3,,
מקלט,דחיית בקשת מקלט לפי סעיף 7 לנוהל הטיפול במבקשי מקלט מס' 0012.2.5,,Jerusalem,424,54,,
איחוד משפחות,מעמד לקטין נלווה להליך מדורג,got from jerusalem orer live in jerusalem,Jerusalem,434,7,,
רישום ילדים,רישום ומתן מעמד לקטין שנולד בישראל שרק אחד מהוריו תושב קבע לפי תקנה 12 לתקנות הכניסה לישראל נוהל מס' 0029.2.5,,Jerusalem,435,6,,
מקלט,דחיית בקשת מקלט לפי סעיף 4 לנוהל הטיפול במבקשי מקלט מס' 0012.2.5,,Jerusalem,436,7,,
רישום ילדים,רישום ומתן מעמד לקטין שנולד מחוץ לישראל שרק אחד מהוריו רשום כתושב קבע נוהל 5.2.0030 'מס,,Jerusalem,423,3,,
מקלט,דחיית בקשת מקלט לפי סעיף 7 לנוהל הטיפול במבקשי מקלט מס' 0012.2.5,,Jerusalem,424,54,,
איחוד משפחות,מעמד לקטין נלווה להליך מדורג,got from jerusalem orer live in jerusalem,Jerusalem,434,7,,
רישום ילדים,רישום ומתן מעמד לקטין שנולד בישראל שרק אחד מהוריו תושב קבע לפי תקנה 12 לתקנות הכניסה לישראל נוהל מס' 0029.2.5,,Jerusalem,435,6,,
מקלט,דחיית בקשת מקלט לפי סעיף 4 לנוהל הטיפול במבקשי מקלט מס' 0012.2.5,,Jerusalem,436,7,,
איחוד משפחות,מעמד לקטין נלווה להליך מדורג,got from jerusalem orer live in jerusalem,Jerusalem,26,7,,
רישום ילדים,רישום ומתן מעמד לקטין שנולד בישראל שרק אחד מהוריו תושב קבע לפי תקנה 12 לתקנות הכניסה לישראל נוהל מס' 0029.2.5,,Jerusalem,27,6,,
מקלט,דחיית בקשת מקלט לפי סעיף 4 לנוהל הטיפול במבקשי מקלט מס' 0012.2.5,,Jerusalem,28,7,,
איחוד משפחות,הסדרת מעמד לבן זוג זר הנשוי לאזרח ישראלי לפי נוהל מס' 0008.2.5,got from jerusalem orer not live in jerusalem,Jerusalem,422,4,,
רישום ילדים,רישום ומתן מעמד לקטין שנולד מחוץ לישראל שרק אחד מהוריו רשום כתושב קבע נוהל 5.2.0030 'מס,,Jerusalem,423,3,,
מקלט,דחיית בקשת מקלט לפי סעיף 7 לנוהל הטיפול במבקשי מקלט מס' 0012.2.5,,Jerusalem,424,54,,
איחוד משפחות,מעמד לקטין נלווה להליך מדורג,got from jerusalem orer live in jerusalem,Jerusalem,434,7,,
רישום ילדים,רישום ומתן מעמד לקטין שנולד בישראל שרק אחד מהוריו תושב קבע לפי תקנה 12 לתקנות הכניסה לישראל נוהל מס' 0029.2.5,,Jerusalem,435,6,,
מקלט,דחיית בקשת מקלט לפי סעיף 4 לנוהל הטיפול במבקשי מקלט מס' 0012.2.5,,Jerusalem,436,7,,
איחוד משפחות,מעמד לקטין נלווה להליך מדורג,got from jerusalem orer live in jerusalem,Jerusalem,26,7,,
רישום ילדים,רישום ומתן מעמד לקטין שנולד בישראל שרק אחד מהוריו תושב קבע לפי תקנה 12 לתקנות הכניסה לישראל נוהל מס' 0029.2.5,,Jerusalem,27,6,,
מקלט,דחיית בקשת מקלט לפי סעיף 4 לנוהל הטיפול במבקשי מקלט מס' 0012.2.5,,Jerusalem,28,7,,
איחוד משפחות,הסדרת מעמד לבן זוג זר הנשוי לאזרח ישראלי לפי נוהל מס' 0008.2.5,got from jerusalem orer not live in jerusalem,Jerusalem,422,4,,
רישום ילדים,רישום ומתן מעמד לקטין שנולד מחוץ לישראל שרק אחד מהוריו רשום כתושב קבע נוהל 5.2.0030 'מס,,Jerusalem,423,3,,
מקלט,דחיית בקשת מקלט לפי סעיף 7 לנוהל הטיפול במבקשי מקלט מס' 0012.2.5,,Jerusalem,424,54,,
איחוד משפחות,מעמד לקטין נלווה להליך מדורג,got from jerusalem orer live in jerusalem,Jerusalem,434,7,,
רישום ילדים,רישום ומתן מעמד לקטין שנולד בישראל שרק אחד מהוריו תושב קבע לפי תקנה 12 לתקנות הכניסה לישראל נוהל מס' 0029.2.5,,Jerusalem,435,6,,
מקלט,דחיית בקשת מקלט לפי סעיף 4 לנוהל הטיפול במבקשי מקלט מס' 0012.2.5,,Jerusalem,436,7,,
איחוד משפחות,מעמד לקטין נלווה להליך מדורג,got from jerusalem orer live in jerusalem,Jerusalem,26,7,,
רישום ילדים,רישום ומתן מעמד לקטין שנולד בישראל שרק אחד מהוריו תושב קבע לפי תקנה 12 לתקנות הכניסה לישראל נוהל מס' 0029.2.5,,Jerusalem,27,6,,
מקלט,דחיית בקשת מקלט לפי סעיף 4 לנוהל הטיפול במבקשי מקלט מס' 0012.2.5,,Jerusalem,28,7,,
איחוד משפחות,הסדרת מעמד לבן זוג זר הנשוי לאזרח ישראלי לפי נוהל מס' 0008.2.5,got from jerusalem orer not live in jerusalem,Jerusalem,422,4,,
רישום ילדים,רישום ומתן מעמד לקטין שנולד מחוץ לישראל שרק אחד מהוריו רשום כתושב קבע נוהל 5.2.0030 'מס,,Jerusalem,423,3,,
מקלט,דחיית בקשת מקלט לפי סעיף 7 לנוהל הטיפול במבקשי מקלט מס' 0012.2.5,,Jerusalem,424,54,,
איחוד משפחות,מעמד לקטין נלווה להליך מדורג,got from jerusalem orer live in jerusalem,Jerusalem,434,7,,
רישום ילדים,רישום ומתן מעמד לקטין שנולד בישראל שרק אחד מהוריו תושב קבע לפי תקנה 12 לתקנות הכניסה לישראל נוהל מס' 0029.2.5,,Jerusalem,435,6,,
מקלט,דחיית בקשת מקלט לפי סעיף 4 לנוהל הטיפול במבקשי מקלט מס' 0012.2.5,,Jerusalem,436,7,,
רישום ילדים,רישום ומתן מעמד לקטין שנולד מחוץ לישראל שרק אחד מהוריו רשום כתושב קבע נוהל 5.2.0030 'מס,,Jerusalem,423,3,,
מקלט,דחיית בקשת מקלט לפי סעיף 7 לנוהל הטיפול במבקשי מקלט מס' 0012.2.5,,Jerusalem,424,54,,
איחוד משפחות,מעמד לקטין נלווה להליך מדורג,got from jerusalem orer live in jerusalem,Jerusalem,434,7,,
רישום ילדים,רישום ומתן מעמד לקטין שנולד בישראל שרק אחד מהוריו תושב קבע לפי תקנה 12 לתקנות הכניסה לישראל נוהל מס' 0029.2.5,,Jerusalem,435,6,,
מקלט,דחיית בקשת מקלט לפי סעיף 4 לנוהל הטיפול במבקשי מקלט מס' 0012.2.5,,Jerusalem,436,7,,
איחוד משפחות,מעמד לקטין נלווה להליך מדורג,got from jerusalem orer live in jerusalem,Jerusalem,26,7,,
רישום ילדים,רישום ומתן מעמד לקטין שנולד בישראל שרק אחד מהוריו תושב קבע לפי תקנה 12 לתקנות הכניסה לישראל נוהל מס' 0029.2.5,,Jerusalem,27,6,,
מקלט,דחיית בקשת מקלט לפי סעיף 4 לנוהל הטיפול במבקשי מקלט מס' 0012.2.5,,Jerusalem,28,7,,
איחוד משפחות,הסדרת מעמד לבן זוג זר הנשוי לאזרח ישראלי לפי נוהל מס' 0008.2.5,got from jerusalem orer not live in jerusalem,Jerusalem,422,4,,
רישום ילדים,רישום ומתן מעמד לקטין שנולד מחוץ לישראל שרק אחד מהוריו רשום כתושב קבע נוהל 5.2.0030 'מס,,Jerusalem,423,3,,
מקלט,דחיית בקשת מקלט לפי סעיף 7 לנוהל הטיפול במבקשי מקלט מס' 0012.2.5,,Jerusalem,424,54,,
איחוד משפחות,מעמד לקטין נלווה להליך מדורג,got from jerusalem orer live in jerusalem,Jerusalem,434,7,,
רישום ילדים,רישום ומתן מעמד לקטין שנולד בישראל שרק אחד מהוריו תושב קבע לפי תקנה 12 לתקנות הכניסה לישראל נוהל מס' 0029.2.5,,Jerusalem,435,6,,
מקלט,דחיית בקשת מקלט לפי סעיף 4 לנוהל הטיפול במבקשי מקלט מס' 0012.2.5,,Jerusalem,436,7,,
איחוד משפחות,מעמד לקטין נלווה להליך מדורג,got from jerusalem orer live in jerusalem,Jerusalem,26,7,,
רישום ילדים,רישום ומתן מעמד לקטין שנולד בישראל שרק אחד מהוריו תושב קבע לפי תקנה 12 לתקנות הכניסה לישראל נוהל מס' 0029.2.5,,Jerusalem,27,6,,
מקלט,דחיית בקשת מקלט לפי סעיף 4 לנוהל הטיפול במבקשי מקלט מס' 0012.2.5,,Jerusalem,28,7,,
איחוד משפחות,הסדרת מעמד לבן זוג זר הנשוי לאזרח ישראלי לפי נוהל מס' 0008.2.5,got from jerusalem orer not live in jerusalem,Jerusalem,422,4,,
רישום ילדים,רישום ומתן מעמד לקטין שנולד מחוץ לישראל שרק אחד מהוריו רשום כתושב קבע נוהל 5.2.0030 'מס,,Jerusalem,423,3,,
מקלט,דחיית בקשת מקלט לפי סעיף 7 לנוהל הטיפול במבקשי מקלט מס' 0012.2.5,,Jerusalem,424,54,,
איחוד משפחות,מעמד לקטין נלווה להליך מדורג,got from jerusalem orer live in jerusalem,Jerusalem,434,7,,
רישום ילדים,רישום ומתן מעמד לקטין שנולד בישראל שרק אחד מהוריו תושב קבע לפי תקנה 12 לתקנות הכניסה לישראל נוהל מס' 0029.2.5,,Jerusalem,435,6,,
מקלט,דחיית בקשת מקלט לפי סעיף 4 לנוהל הטיפול במבקשי מקלט מס' 0012.2.5,,Jerusalem,436,7,,
איחוד משפחות,מעמד לקטין נלווה להליך מדורג,got from jerusalem orer live in jerusalem,Jerusalem,26,7,,
רישום ילדים,רישום ומתן מעמד לקטין שנולד בישראל שרק אחד מהוריו תושב קבע לפי תקנה 12 לתקנות הכניסה לישראל נוהל מס' 0029.2.5,,Jerusalem,27,6,,
מקלט,דחיית בקשת מקלט לפי סעיף 4 לנוהל הטיפול במבקשי מקלט מס' 0012.2.5,,Jerusalem,28,7,,
איחוד משפחות,הסדרת מעמד לבן זוג זר הנשוי לאזרח ישראלי לפי נוהל מס' 0008.2.5,got from jerusalem orer not live in jerusalem,Jerusalem,422,4,,
רישום ילדים,רישום ומתן מעמד לקטין שנולד מחוץ לישראל שרק אחד מהוריו רשום כתושב קבע נוהל 5.2.0030 'מס,,Jerusalem,423,3,,
מקלט,דחיית בקשת מקלט לפי סעיף 7 לנוהל הטיפול במבקשי מקלט מס' 0012.2.5,,Jerusalem,424,54,,
איחוד משפחות,מעמד לקטין נלווה להליך מדורג,got from jerusalem orer live in jerusalem,Jerusalem,434,7,,
רישום ילדים,רישום ומתן מעמד לקטין שנולד בישראל שרק אחד מהוריו תושב קבע לפי תקנה 12 לתקנות הכניסה לישראל נוהל מס' 0029.2.5,,Jerusalem,435,6,,
מקלט,דחיית בקשת מקלט לפי סעיף 4 לנוהל הטיפול במבקשי מקלט מס' 0012.2.5,,Jerusalem,436,7,,
רישום ילדים,רישום ומתן מעמד לקטין שנולד מחוץ לישראל שרק אחד מהוריו רשום כתושב קבע נוהל 5.2.0030 'מס,,Jerusalem,423,3,,
מקלט,דחיית בקשת מקלט לפי סעיף 7 לנוהל הטיפול במבקשי מקלט מס' 0012.2.5,,Jerusalem,424,54,,
איחוד משפחות,מעמד לקטין נלווה להליך מדורג,got from jerusalem orer live in jerusalem,Jerusalem,434,7,,
רישום ילדים,רישום ומתן מעמד לקטין שנולד בישראל שרק אחד מהוריו תושב קבע לפי תקנה 12 לתקנות הכניסה לישראל נוהל מס' 0029.2.5,,Jerusalem,435,6,,
מקלט,דחיית בקשת מקלט לפי סעיף 4 לנוהל הטיפול במבקשי מקלט מס' 0012.2.5,,Jerusalem,436,7,,
איחוד משפחות,מעמד לקטין נלווה להליך מדורג,got from jerusalem orer live in jerusalem,Jerusalem,26,7,,
רישום ילדים,רישום ומתן מעמד לקטין שנולד בישראל שרק אחד מהוריו תושב קבע לפי תקנה 12 לתקנות הכניסה לישראל נוהל מס' 0029.2.5,,Jerusalem,27,6,,
מקלט,דחיית בקשת מקלט לפי סעיף 4 לנוהל הטיפול במבקשי מקלט מס' 0012.2.5,,Jerusalem,28,7,,
איחוד משפחות,הסדרת מעמד לבן זוג זר הנשוי לאזרח ישראלי לפי נוהל מס' 0008.2.5,got from jerusalem orer not live in jerusalem,Jerusalem,422,4,,
רישום ילדים,רישום ומתן מעמד לקטין שנולד מחוץ לישראל שרק אחד מהוריו רשום כתושב קבע נוהל 5.2.0030 'מס,,Jerusalem,423,3,,
מקלט,דחיית בקשת מקלט לפי סעיף 7 לנוהל הטיפול במבקשי מקלט מס' 0012.2.5,,Jerusalem,424,54,,
איחוד משפחות,מעמד לקטין נלווה להליך מדורג,got from jerusalem orer live in jerusalem,Jerusalem,434,7,,
רישום ילדים,רישום ומתן מעמד לקטין שנולד בישראל שרק אחד מהוריו תושב קבע לפי תקנה 12 לתקנות הכניסה לישראל נוהל מס' 0029.2.5,,Jerusalem,435,6,,
מקלט,דחיית בקשת מקלט לפי סעיף 4 לנוהל הטיפול במבקשי מקלט מס' 0012.2.5,,Jerusalem,436,7,,
איחוד משפחות,מעמד לקטין נלווה להליך מדורג,got from jerusalem orer live in jerusalem,Jerusalem,26,7,,
רישום ילדים,רישום ומתן מעמד לקטין שנולד בישראל שרק אחד מהוריו תושב קבע לפי תקנה 12 לתקנות הכניסה לישראל נוהל מס' 0029.2.5,,Jerusalem,27,6,,
מקלט,דחיית בקשת מקלט לפי סעיף 4 לנוהל הטיפול במבקשי מקלט מס' 0012.2.5,,Jerusalem,28,7,,
איחוד משפחות,הסדרת מעמד לבן זוג זר הנשוי לאזרח ישראלי לפי נוהל מס' 0008.2.5,got from jerusalem orer not live in jerusalem,Jerusalem,422,4,,
רישום ילדים,רישום ומתן מעמד לקטין שנולד מחוץ לישראל שרק אחד מהוריו רשום כתושב קבע נוהל 5.2.0030 'מס,,Jerusalem,423,3,,
מקלט,דחיית בקשת מקלט לפי סעיף 7 לנוהל הטיפול במבקשי מקלט מס' 0012.2.5,,Jerusalem,424,54,,
איחוד משפחות,מעמד לקטין נלווה להליך מדורג,got from jerusalem orer live in jerusalem,Jerusalem,434,7,,
רישום ילדים,רישום ומתן מעמד לקטין שנולד בישראל שרק אחד מהוריו תושב קבע לפי תקנה 12 לתקנות הכניסה לישראל נוהל מס' 0029.2.5,,Jerusalem,435,6,,
מקלט,דחיית בקשת מקלט לפי סעיף 4 לנוהל הטיפול במבקשי מקלט מס' 0012.2.5,,Jerusalem,436,7,,
איחוד משפחות,מעמד לקטין נלווה להליך מדורג,got from jerusalem orer live in jerusalem,Jerusalem,26,7,,
רישום ילדים,רישום ומתן מעמד לקטין שנולד בישראל שרק אחד מהוריו תושב קבע לפי תקנה 12 לתקנות הכניסה לישראל נוהל מס' 0029.2.5,,Jerusalem,27,6,,
מקלט,דחיית בקשת מקלט לפי סעיף 4 לנוהל הטיפול במבקשי מקלט מס' 0012.2.5,,Jerusalem,28,7,,
איחוד משפחות,הסדרת מעמד לבן זוג זר הנשוי לאזרח ישראלי לפי נוהל מס' 0008.2.5,got from jerusalem orer not live in jerusalem,Jerusalem,422,4,,
רישום ילדים,רישום ומתן מעמד לקטין שנולד מחוץ לישראל שרק אחד מהוריו רשום כתושב קבע נוהל 5.2.0030 'מס,,Jerusalem,423,3,,
מקלט,דחיית בקשת מקלט לפי סעיף 7 לנוהל הטיפול במבקשי מקלט מס' 0012.2.5,,Jerusalem,424,54,,
איחוד משפחות,מעמד לקטין נלווה להליך מדורג,got from jerusalem orer live in jerusalem,Jerusalem,434,7,,
רישום ילדים,רישום ומתן מעמד לקטין שנולד בישראל שרק אחד מהוריו תושב קבע לפי תקנה 12 לתקנות הכניסה לישראל נוהל מס' 0029.2.5,,Jerusalem,435,6,,
מקלט,דחיית בקשת מקלט לפי סעיף 4 לנוהל הטיפול במבקשי מקלט מס' 0012.2.5,,Jerusalem,436,7,,
רישום ילדים,רישום ומתן מעמד לקטין שנולד מחוץ לישראל שרק אחד מהוריו רשום כתושב קבע נוהל 5.2.0030 'מס,,Jerusalem,423,3,,
מקלט,דחיית בקשת מקלט לפי סעיף 7 לנוהל הטיפול במבקשי מקלט מס' 0012.2.5,,Jerusalem,424,54,,
איחוד משפחות,מעמד לקטין נלווה להליך מדורג,got from jerusalem orer live in jerusalem,Jerusalem,434,7,,
רישום ילדים,רישום ומתן מעמד לקטין שנולד בישראל שרק אחד מהוריו תושב קבע לפי תקנה 12 לתקנות הכניסה לישראל נוהל מס' 0029.2.5,,Jerusalem,435,6,,
מקלט,דחיית בקשת מקלט לפי סעיף 4 לנוהל הטיפול במבקשי מקלט מס' 0012.2.5,,Jerusalem,436,7,,
איחוד משפחות,מעמד לקטין נלווה להליך מדורג,got from jerusalem orer live in jerusalem,Jerusalem,26,7,,
רישום ילדים,רישום ומתן מעמד לקטין שנולד בישראל שרק אחד מהוריו תושב קבע לפי תקנה 12 לתקנות הכניסה לישראל נוהל מס' 0029.2.5,,Jerusalem,27,6,,
מקלט,דחיית בקשת מקלט לפי סעיף 4 לנוהל הטיפול במבקשי מקלט מס' 0012.2.5,,Jerusalem,28,7,,
איחוד משפחות,הסדרת מעמד לבן זוג זר הנשוי לאזרח ישראלי לפי נוהל מס' 0008.2.5,got from jerusalem orer not live in jerusalem,Jerusalem,422,4,,
רישום ילדים,רישום ומתן מעמד לקטין שנולד מחוץ לישראל שרק אחד מהוריו רשום כתושב קבע נוהל 5.2.0030 'מס,,Jerusalem,423,3,,
מקלט,דחיית בקשת מקלט לפי סעיף 7 לנוהל הטיפול במבקשי מקלט מס' 0012.2.5,,Jerusalem,424,54,,
איחוד משפחות,מעמד לקטין נלווה להליך מדורג,got from jerusalem orer live in jerusalem,Jerusalem,434,7,,
רישום ילדים,רישום ומתן מעמד לקטין שנולד בישראל שרק אחד מהוריו תושב קבע לפי תקנה 12 לתקנות הכניסה לישראל נוהל מס' 0029.2.5,,Jerusalem,435,6,,
מקלט,דחיית בקשת מקלט לפי סעיף 4 לנוהל הטיפול במבקשי מקלט מס' 0012.2.5,,Jerusalem,436,7,,
איחוד משפחות,מעמד לקטין נלווה להליך מדורג,got from jerusalem orer live in jerusalem,Jerusalem,26,7,,
רישום ילדים,רישום ומתן מעמד לקטין שנולד בישראל שרק אחד מהוריו תושב קבע לפי תקנה 12 לתקנות הכניסה לישראל נוהל מס' 0029.2.5,,Jerusalem,27,6,,
מקלט,דחיית בקשת מקלט לפי סעיף 4 לנוהל הטיפול במבקשי מקלט מס' 0012.2.5,,Jerusalem,28,7,,
איחוד משפחות,הסדרת מעמד לבן זוג זר הנשוי לאזרח ישראלי לפי נוהל מס' 0008.2.5,got from jerusalem orer not live in jerusalem,Jerusalem,422,4,,
רישום ילדים,רישום ומתן מעמד לקטין שנולד מחוץ לישראל שרק אחד מהוריו רשום כתושב קבע נוהל 5.2.0030 'מס,,Jerusalem,423,3,,
מקלט,דחיית בקשת מקלט לפי סעיף 7 לנוהל הטיפול במבקשי מקלט מס' 0012.2.5,,Jerusalem,424,54,,
איחוד משפחות,מעמד לקטין נלווה להליך מדורג,got from jerusalem orer live in jerusalem,Jerusalem,434,7,,
רישום ילדים,רישום ומתן מעמד לקטין שנולד בישראל שרק אחד מהוריו תושב קבע לפי תקנה 12 לתקנות הכניסה לישראל נוהל מס' 0029.2.5,,Jerusalem,435,6,,
מקלט,דחיית בקשת מקלט לפי סעיף 4 לנוהל הטיפול במבקשי מקלט מס' 0012.2.5,,Jerusalem,436,7,,
איחוד משפחות,מעמד לקטין נלווה להליך מדורג,got from jerusalem orer live in jerusalem,Jerusalem,26,7,,
רישום ילדים,רישום ומתן מעמד לקטין שנולד בישראל שרק אחד מהוריו תושב קבע לפי תקנה 12 לתקנות הכניסה לישראל נוהל מס' 0029.2.5,,Jerusalem,27,6,,
מקלט,דחיית בקשת מקלט לפי סעיף 4 לנוהל הטיפול במבקשי מקלט מס' 0012.2.5,,Jerusalem,28,7,,
איחוד משפחות,הסדרת מעמד לבן זוג זר הנשוי לאזרח ישראלי לפי נוהל מס' 0008.2.5,got from jerusalem orer not live in jerusalem,Jerusalem,422,4,,
רישום ילדים,רישום ומתן מעמד לקטין שנולד מחוץ לישראל שרק אחד מהוריו רשום כתושב קבע נוהל 5.2.0030 'מס,,Jerusalem,423,3,,
מקלט,דחיית בקשת מקלט לפי סעיף 7 לנוהל הטיפול במבקשי מקלט מס' 0012.2.5,,Jerusalem,424,54,,
איחוד משפחות,מעמד לקטין נלווה להליך מדורג,got from jerusalem orer live in jerusalem,Jerusalem,434,7,,
רישום ילדים,רישום ומתן מעמד לקטין שנולד בישראל שרק אחד מהוריו תושב קבע לפי תקנה 12 לתקנות הכניסה לישראל נוהל מס' 0029.2.5,,Jerusalem,435,6,,
מקלט,דחיית בקשת מקלט לפי סעיף 4 לנוהל הטיפול במבקשי מקלט מס' 0012.2.5,,Jerusalem,436,7,,